"id";"number";"name";"tcdb";"pfam"
1;"1.1.02.05.";"Light-harvesting complexes from bacteria";"";"PF00556"
2;"1.1.02.06.";"Light-harvesting complexes from chloroplasts";"5.B.4";"PF00504"
3;"1.1.02.01.";"Photosynthetic reaction centers from bacteria";"3.E.2";"PF00124"
4;"1.1.02.02.";"Photosystem I";"5.B.4";"PF00223"
5;"1.1.02.03.";"Photosystem II";"5.B.4";"PF00421"
6;"1.1.06.01.";"Cytochrome bc1 and b6f complexes";"3.D.3";"PF00033"
7;"1.1.05.02.";"Formate dehydrogenase";"5.A.3";"PF00033"
8;"1.1.05.03.";"Respiratory nitrate reductase";"5.A.3";"PF02665"
9;"1.1.05.04.";"Fumarate reductase/mitochondrial respiratory complex (II)";"";"PF01127"
10;"1.1.05.05.";"Succinate dehydrogenase/fumarate reductase";"";"PF02300"
12;"1.1.07.01.";"Cytochrome c oxidases";"3.D.4";"PF00115"
13;"1.1.08.01.";"V-type and F-type ATPases";"3.A.2";"PF00137"
14;"1.1.01.01.";"Microbial and algal rhodopsins";"3.E.1";"PF01036"
15;"1.1.01.02.";"G-protein coupled receptors, family A";"9.A.14";"PF00001"
16;"1.1.14.01.";"Major intrinsic protein (MIP) family";"1.A.8";"PF00230"
17;"1.1.12.01.";"Voltage-gated ion channels";"1.A.1";"PF00520"
85;"1.1.12.02.";"Inward rectifier potassium channels";"1.A.2";"PF01007"
19;"1.1.36.01.";"Chloride transporter";"2.A.49";"PF00654"
20;"1.1.19.01.";"Small conductance mechanosensitive ion channel (MscS)";"1.A.23";"PF00924"
21;"1.1.18.01.";"Large conductance mechanosensitive ion channel (MscL)";"1.A.22";"PF01741"
22;"1.1.17.01.";"Ammonia transporter Amt";"1.A.11";"PF00909"
23;"1.1.15.01.";"Ligand-gated ion channel of neurotransmitter receptors";"1.A.9";"PF02932"
24;"1.1.25.01.";"Glycerol-3-phosphate transporter";"2.A.1.4";"PF07690"
25;"1.1.28.01.";"Hydrophobe/amphiphile efflux-1 family";"2.A.6.2";"PF00873"
26;"1.1.10.01.";"FecCD transport family";"3.A.1.14";"PF01032"
764;"1.3.25.03.";"Eukaryotic pore-forming toxins";"1.C.96";""
28;"1.1.11.01.";"Protein translocase";"3.A.5";"PF00344"
29;"1.1.32.01.";"Proton glutamate symport protein";"2.A.23";"PF00375"
30;"1.1.34.01.";"ADP/ATP carrier";"2.A.29";"PF00153"
31;"1.1.09.01.";"P-ATPase";"3.A.3";"PF00122"
32;"1.1.50.01.";"Methane monooxygenase";"";"PF02461"
33;"1.1.56.01.";"Sulfatase";"";"PF00884"
34;"1.2.10.01.";"Glycophorin";"";"PF01102"
35;"1.3.01.01.";"OmpA family";"";"PF01389"
36;"1.3.04.03.";"Lipid A acylation";"";"PF07017"
37;"1.3.07.01.";"OM protease omptin, OMPT";"";"PF01278"
38;"1.3.08.01.";"OM adhesion protein OpcA";"";"PF07239"
39;"1.3.11.01.";"Autotransporters of N-terminal passenger domain";"1.B.12";"PF03797"
40;"1.3.12.01.";"OM phospholipase A, OmpLA";"";"PF02253"
41;"1.3.13.01.";"Nucleoside transporter Tsx";"1.B.10";"PF03502"
42;"1.3.14.01.";"Fatty acid transporter FadL family";"1.B.9";"PF03349"
43;"1.3.16.01.";"General Bacterial Porin (GBP)";"1.B.1";"PF00267"
44;"1.3.18.01.";"Malptoporin-like proteins";"1.B.3";"PF02264"
515;"1.2.03.03.";"Myelin protein";"";"PF10570"
46;"1.3.24.01.";"Outer membrane efflux proteins";"1.B.17";"PF02321"
47;"1.3.25.01.";"Aerolysin (n=14,S=14 or n=16,S=16)";"1.C.3";"PF07968"
48;"1.3.26.01.";"Mycobacterial Porin (MBP) (n=16,S=16)";"1.B.24";"PF09203"
49;"2.1.04.01.";"Haem peroxidase";"";"PF03098"
50;"2.1.05.01.";"Terpene synthases";"";"PF00432"
51;"2.1.15.01.";"ENTH domain";"";"PF01417"
52;"2.1.15.02.";"VHS domain";"";"PF00790"
54;"1.2.32.01.";"Cytochrome P450";"";"PF00067"
55;"1.2.22.01.";"Bcl-2 inhibitors of programmed cell death";"1.A.21";"PF00452"
56;"2.1.18.01.";"Annexins";"1.A.31";"PF00191"
57;"2.1.21.01.";"Influenza virus matrix protein M1";"";"PF00598"
419;"3.1.01.03.";"Signal peptides";"";""
356;"1.1.26.06.";"Nucleobase:Cation Symporter-2";"2.A.40";"PF00860"
61;"2.2.14.01.";"Discoidin domain";"";"PF00754"
247;"2.3.13.02.";"Phosducin";"";"PF02114"
63;"2.2.11.01.";"C2 domain";"";"PF00168"
406;"3.1.02.11.";"Methyl-accepting chemotaxis protein II peptide";"";""
65;"2.2.20.01.";"Pleckstrin-homology domain";"";"PF00169"
66;"2.2.06.01.";"Retinol binding protein-like (n=8,S=12)";"";"PF08212"
67;"2.2.38.01.";"Cloacin translocation domain";"";"PF03515"
245;"1.2.15.02.";"Srx domain of the signal recognition particle receptor alpha-subunit";"3.A.5";"PF09201"
69;"2.2.39.01.";"Snake venom toxins";"1.C.74";"PF00087"
70;"2.2.41.01.";"Vertebrate defensin";"1.C.85";"PF00323"
72;"1.2.35.01.";"Amidase signature (AS) enzymes";"";"PF01425"
73;"1.2.54.01.";"FMN-linked oxidoreductases";"";"PF01180"
74;"2.4.07.01.";"PX domain";"";"PF00787"
75;"2.4.16.01.";"Long-chain scorpion toxins";"8.B.1";"PF00537"
76;"2.4.16.02.";"Arthropod defensins";"1.C.47";"PF01097"
77;"2.2.26.01.";"FYVE, a phosphatidylinositol-3-phosphate binding domain";"";"PF01363"
78;"2.2.27.01.";"C1 domain";"";"PF00130"
372;"3.1.05.03.";"Basic amphiphilic peptides";"";""
86;"1.2.25.01.";"Calcium ATPase regulators";"1.A.50";"PF04272"
81;"1.1.25.02.";"LacY-like proton/sugar symporter";"2.A.1.5";"PF01306"
82;"1.1.26.01.";"Neurotransmitter: sodium symporter";"2.A.22";"PF00209"
83;"3.1.28.06.";"Magainin";"";""
84;"3.3.01.01.";"Gramicidin A";"1.D.1";""
87;"1.1.35.01.";"Sodium-proton antiporter NhaA";"2.A.33";"PF06965"
88;"1.3.16.02.";"Rhodobacter PorCa Porin (RPP)";"1.B.7";""
89;"1.3.20.01.";"Outer Membrane Receptor (OMR)";"1.B.14";"PF00593"
90;"1.2.25.02.";"FXYD regulators";"1.A.27";"PF02038"
91;"1.1.21.01.";"CorA metal ion transporters (MIT)";"1.A.35";"PF01544"
92;"1.2.11.01.";"Major coat protein, symmetry class I";"";"PF05371"
93;"1.2.11.02.";"Major coat protein, symmetry class II";"";""
94;"1.2.12.01.";"Bacterial pilin";"";"PF00114"
95;"1.2.16.01.";"Pulmonary surfactant-associated protein";"";"PF08999"
96;"3.1.19.01.";"Peptaibol";"1.D.5";""
97;"1.1.29.01.";"EamA-like transporter";"2.A.7.1";"PF00892"
98;"2.1.08.01.";"Monodomain cytochrome c";"";"PF00034"
99;"2.1.08.02.";"Two-domain cytochrome c";"";"PF00034"
100;"2.1.11.01.";"Spectrin repeat";"";"PF00435"
101;"2.1.12.01.";"Outer surface protein C";"";"PF01441"
102;"2.1.23.01.";"Ectatomin";"";"PF06457"
103;"2.1.13.01.";"Crustacean CHH/MIH/GIH neurohormone";"";"PF01147"
104;"2.1.24.01.";"Saposin";"1.C.35";"PF03489"
401;"1.1.10.03.";"ABC transporter B family (ABCB)";"3.A.1.106";"PF00664"
250;"1.1.63.01.";"Peptidase S26";"";"PF10502"
107;"2.1.25.01.";"Bacteriocin AS-48";"1.C.28";"PF09221"
108;"2.1.09.01.";"Uteroglobin";"";"PF09252"
723;"1.1.77.01.";"Cellulose-conducting channel";"";""
110;"2.1.02.01.";"Lipoxygenases";"";"PF00305"
111;"2.1.03.01.";"Bacterial phospholipase C";"";"PF00882"
112;"2.1.05.02.";"Isoprenyl diphosphate synthases";"";"PF00348"
113;"2.1.01.01.";"Vertebrate secretory phospholipase A2";"";"PF00068"
114;"2.1.01.02.";"Insect secretory phospholipase A2";"";"PF05826"
115;"2.1.01.03.";"Prokaryotic and fungi phospholipase A2";"";"PF09056"
253;"1.2.09.01.";"Stannin";"";"PF09049"
117;"2.1.10.01.";"Glycolipid transfer protein";"";"PF08718"
118;"2.1.26.01.";"Colicin pore forming domain";"1.C.1";"PF01024"
252;"1.3.23.01.";"Autotransporter-2 (AT-2)";"1.B.40";"PF03895"
120;"2.1.27.01.";"delta-Endotoxin";"1.C.2";"PF03945"
121;"2.1.28.01.";"Heat-stable enterotoxin B";"";"PF09075"
122;"2.1.20.01.";"GLA-domain";"";"PF00594"
726;"1.2.57.01.";"Reticulon";"";"PF02453"
400;"3.1.13.01.";"Calcitonin";"1.C.49";"PF00214"
125;"2.2.12.01.";"ML domain";"";"PF02221"
126;"2.3.16.06.";"ADP ribosylation factor";"";"PF00025"
240;"3.4.05.01.";"Cyclosporin";"";""
128;"2.2.12.04.";"Gamma-adaptin C-terminal appendage domain-like";"";"PF02883"
129;"2.2.05.01.";"Plastocyanin/azurin-like";"";"PF00127"
249;"2.4.03.01.";"Transcriptional factor tubby";"";"PF01167"
251;"1.1.25.03.";"Drug/proton antiporter";"2.A.1.2";"PF07690"
238;"2.4.13.01.";"OSBP-related proteins";"";"PF01237"
248;"2.1.15.03.";"Phosphoinositide-binding clathrin adaptor, N-terminal domain";"";"PF07651"
134;"1.2.50.01.";"Anemone pore-forming cytolysin";"1.C.38";"PF06369"
135;"2.2.22.01.";"Hydrophobin";"";"PF06766"
398;"1.1.39.02.";"S component of vitamin uptake transporter";"2.A.88";"PF09515"
397;"1.2.34.01.";"Oligosaccharidetransferase";"";"PF10215"
138;"2.2.21.01.";"Histidine-rich actin-binding protein";"";"PF06268"
139;"2.2.02.01.";"Prokaryotic proteases";"";"PF00089"
522;"1.2.40.01.";"Mitochondria fission protein";"";"PF14853"
141;"2.2.02.02.";"Viral proteases";"";"PF02907"
142;"2.2.03.01.";"Eukaryotic aspartyl protease";"";"PF00026"
143;"2.2.06.02.";"Fatty acid binding protein-like (n=10)";"8.A.33";"PF00061"
144;"2.2.07.01.";"Polyisoprenoid-binding protein";"";"PF04264"
241;"2.3.16.02.";"Tandem RecA ATPase-like";"3.A.5";"PF07517"
146;"2.2.04.01.";"Retinal pigment epithelial membrane protein";"";"PF03055"
243;"2.2.20.02.";"Phosphotyrosine-binding domain";"";"PF00640"
148;"2.2.24.01.";"Vitelline membrane outer protein-I";"";"PF03762"
817;"3.1.07.10.";"Bursal disease virus pore-forming peptide";"1.A.59";""
150;"2.2.19.01.";"Adsorption protein p2";"";"PF09214"
854;"3.1.28.07.";"Hylin";"";""
152;"2.2.35.01.";"Thiol-activated cytolysin";"1.C.12";"PF01289"
153;"1.2.43.01.";"Viral glycoprotein";"";"PF00869"
154;"2.2.34.11.";"Cyclotide";"";"PF03784"
371;"3.1.02.06.";"HCO3- transporter peptides";"2.A.31";"PF00955"
369;"2.3.05.01.";"Thi4 family";"";"PF01946"
157;"2.2.34.06.";"Plant knottins";"PF11410";""
158;"2.2.34.08.";"Agouti protein";"";"PF05039"
159;"2.2.34.01.";"Conotoxin O1";"";"PF02950"
160;"2.2.34.02.";"Spider toxins";"8.B.6";"PF02819"
161;"2.2.34.03.";"Insect toxins";"";"PF08117"
162;"2.2.34.04.";"Albumin 1";"";"PF08027"
163;"2.4.16.03.";"Short-chain scorpion toxins";"";"PF00451"
164;"2.4.16.04.";"Plant defensins";"1.C.45";"PF00304"
165;"2.2.30.01.";"Elafin-like";"";"PF10511"
166;"2.2.39.02.";"Dendroaspin";"";"PF00087"
167;"2.2.40.01.";"Neurotoxin III";"";"PF08098"
168;"2.2.31.01.";"Fibronectin type II module";"";"PF00040"
169;"2.2.10.01.";"High potential iron protein";"";"PF01355"
170;"2.3.01.01.";"Beta-glycanases";"";"PF02055"
171;"2.3.01.02.";"Family 1 of glycosyl hydrolase";"";"PF00232"
172;"2.3.02.01.";"Mammalian PLC";"";"PF00387"
173;"2.3.02.02.";"Bacterial PLC";"";"PF00388"
174;"2.3.04.01.";"Tyrosine-dependent oxidoreductases";"";"PF00106"
175;"2.3.05.02.";"Pyridine nucleotide-disulphide oxidoreductase";"";"PF07992"
176;"1.2.33.02.";"Flavin containing amine oxidoreductase";"";"PF01593"
370;"3.4.07.02.";"Compstatin";"";""
178;"2.3.14.01.";"CRAL/TRIO domain";"";"PF00650"
179;"2.3.15.01.";"Electron transfer flavoprotein";"";"PF01012"
180;"2.4.10.01.";"Synapsin";"";"PF02078"
181;"2.3.16.01.";"Shikimate kinase";"";"PF01202"
399;"2.2.12.02.";"RHO protein GDP dissociation inhibitor";"";"PF02115"
183;"2.3.08.01.";"Patatin-like phospholipase";"";"PF01734"
184;"2.3.06.01.";"Acetylcholinesterase-like";"";"PF00135"
185;"2.3.06.02.";"Mycobacterial antigens";"";"PF00756"
186;"2.3.06.03.";"Gastric lipase";"";"PF04083"
187;"2.3.06.04.";"Thioesterases";"";"PF02089"
367;"2.1.37.01.";"PfEMP1 (Plasmodium falciparum erythrocyte membrane protein)";"";"PF03011"
189;"2.3.06.06.";"Fungal lipases";"";"PF01764"
190;"2.3.06.07.";"Bacterial lipase";"";"PF00561"
191;"2.3.06.08.";"Pancreatic lipase-related";"";"PF00151"
192;"2.3.06.09.";"Cutinase-like";"";"PF01083"
193;"2.3.10.01.";"Glycosyltransferase family 28";"";"PF03033"
194;"2.3.11.01.";"Ferrochelatase";"";"PF00762"
242;"2.3.12.01.";"Myotubularin-like phosphatases";"";"PF06602"
196;"2.3.13.01.";"Glutathione S-transferase";"";"PF02798"
197;"2.4.01.01.";"GMC oxidoreductases";"";"PF00732"
198;"2.4.02.01.";"Epoxide Hydrolase";"";"PF07858"
497;"3.1.03.04.";"Anchor helix of protein yopD";"";"PF05844"
201;"2.4.05.01.";"Sterol carrier protein";"";"PF02036"
202;"1.2.17.02.";"Synatpobrevin";"";"PF00957"
244;"2.4.06.02.";"Phosphatidylinositol transfer protein (PITP)";"";"PF02121"
204;"2.4.06.01.";"STAR domain";"9.B.64";"PF01852"
205;"2.4.04.01.";"Endonuclease/exonuclease/phosphatase family";"";"PF03372"
206;"2.4.11.01.";"Plant thionin";"1.C.44";"PF00321"
207;"3.1.15.01.";"Pediocin-like peptides";"1.C.24";""
208;"3.1.21.01.";"Cecropin";"1.C.17";"PF00272"
209;"3.1.14.01.";"Tachykinin family";"";"PF02202"
210;"3.1.17.01.";"Antimicrobial peptide HP";"";""
211;"3.1.11.01.";"Neuropeptide Y family";"";"PF00159"
212;"3.1.11.02.";"Glucagon family";"";"PF00123"
213;"3.1.11.03.";"Motilin family";"";"PF04644"
214;"3.1.05.06.";"Transportan";"";""
425;"3.1.07.03.";"Fusion peptides of hemagglutinin";"";""
216;"3.1.11.04.";"Orexin";"";"PF02072"
217;"3.1.21.05.";"Poneratoxin";"";""
218;"3.1.12.01.";"Endothelin";"";"PF00322"
219;"3.1.20.01.";"Alpha-conotoxin-like";"";"PF07365"
486;"3.1.01.04.";"Chloroplastic transit peptide";"";""
221;"2.1.32.01.";"Synuclein";"1.C.77";"PF01387"
222;"3.1.26.01.";"Pleurocidin";"1.C.62";"PF08107"
223;"3.2.01.08.";"Lactoferricin B";"";"PF00405"
224;"3.2.03.01.";"Hepcidin";"";"PF06446"
225;"3.2.04.01.";"Cyclic trypsin inhibitor STFI-1";"";""
226;"3.2.05.02.";"Lasso peptides, type 2";"9.A.52";""
227;"2.1.62.02.";"Subtilosin A";"1.C.84";"PF11420"
228;"3.2.06.01.";"Paralytic peptide family";"";"PF02425"
229;"3.2.05.01.";"Lasso peptides, type 1";"";""
230;"3.2.09.01.";"Octreotide";"";""
257;"3.1.21.02.";"Mastoparan family";"1.C.32";"PF08249"
232;"3.2.09.02.";"Gramicidin S";"";""
233;"3.4.02.01.";"Actagardine";"";""
234;"3.4.02.02.";"Mersacidin";"";""
235;"3.4.02.03.";"Type  A lantibiotic";"1.C.21";"PF04604"
236;"3.4.03.01.";"Heat-stable enterotoxin";"";""
237;"3.4.04.01.";"Daptomycin";"1.D.15";""
239;"2.2.41.02.";"Sea anemone sodium channel inhibitory toxin";"8.B.11";"PF00706"
254;"1.3.15.01.";"OmpG porin";"1.B.21";"PF09381"
255;"1.1.59.01.";"ClpP protease";"";"PF00574"
256;"2.3.18.01.";"Choline/carnitine  O-acyltransferases";"4.C.2";"PF00755"
258;"3.1.07.05.";"Membrane anchor domain of non-structural viral polyproteins";"";"PF01506"
259;"2.3.16.03.";"G-proteins";"";"PF00503"
260;"1.1.60.01.";"Rhomboid proteases";"9.B.104";"PF01694"
261;"1.2.02.01.";"T-cell surface glycoprotein CD3 zeta chain";"";"PF11628"
262;"1.2.26.01.";"OMA polysaccharide transporter";"1.B.18";"PF02563"
263;"2.2.08.01.";"Thaumatin";"";"PF00314"
264;"2.4.04.02.";"Arthropod phospholipase D";"";""
265;"1.1.01.03.";"GPCR Secretin (B) family";"9.A.14";"PF00002"
689;"2.4.42.01.";"Bactericidal permeability increasing protein family";"1.C.40";"PF01273"
267;"3.4.02.04.";"Cinnamycin";"";""
268;"2.2.16.01.";"Lipoproteins of Mycobacteria";"";"PF07161"
269;"2.1.29.01.";"Apolipoprotein A1/A4/E";"";"PF01442"
270;"1.1.44.01.";"Disulfide bond oxidoreductase-B (DsbB)";"5.A.2";"PF02600"
271;"3.1.06.01.";"Apolipoprotein A-I/E peptides";"";"PF01442"
272;"1.2.31.01.";"Cytochrome c of nitrite reductase";"";"PF03264"
273;"1.3.16.03.";"Porins O and P";"1.B.5";"PF07396"
274;"1.2.04.01.";"Integrin";"";"PF08725"
275;"2.2.20.03.";"Third domain of FERM";"";"PF09379"
276;"1.1.10.02.";"Binding-protein-dependent transport system";"3.A.1";"PF00528"
277;"1.1.61.01.";"MAPEG family";"";"PF01124"
312;"2.3.10.03.";"Glycosyltransferase family 9";"";"PF01075"
279;"1.3.17.01.";"Two-partner secretion porin (n=16,S=20)";"1.B.20";"PF03865"
280;"1.1.41.01.";"Magnesium ion transporter-E (MgtE)";"1.A.26";"PF01769"
281;"1.1.13.01.";"Acid-sensing ion channels";"1.A.6";"PF00858"
282;"1.3.19.01.";"Outer membrane porin (Opr)";"1.B.25";"PF03573"
283;"1.1.27.01.";"Bacterial zinc transporters";"2.A.4.1";"PF01545"
365;"1.1.43.01.";"Phosphotransferase Glucose-Glucoside (Glc) Family";"4.A.1";"PF02378"
285;"1.1.58.01.";"Site-2 protease";"";"PF02163"
286;"1.2.23.01.";"Influenza virus matrix protein 2";"1.A.19";"PF00599"
287;"1.2.01.01.";"Protein tyrosine kinases";"";"PF07714"
288;"1.1.15.02.";"Prokaryotic pentameric ligand-gated ion channels";"1.A.9";"PF02932"
289;"1.3.21.01.";"Fimbrial usher porin";"1.B.11";"PF00577"
290;"1.1.05.01.";"Polysulfide reductase";"5.A.3";"PF03916"
291;"2.3.06.10.";"Platelet-activating factor acetylhydrolase family";"";"PF03403"
292;"1.3.22.01.";"Voltage-dependent anion channel (VDAC) porin";"1.B.8";"PF01459"
311;"2.3.10.02.";"Glycosyltransferase family 70";"";""
294;"1.1.26.02.";"Nucleobase-cation symporter 1";"2.A.39";"PF02133"
295;"1.1.26.03.";"Solute:sodium symporter";"2.A.21";"PF00474"
296;"1.3.06.01.";"Major OMP from thermophilic eubacteria";"";"PF13505"
297;"1.3.09.01.";"Lipid A deacylase";"";"PF09982"
298;"1.1.26.04.";"Betaine/carnitine/choline transporters";"2.A.15";"PF02028"
366;"1.2.39.01.";"Peptidase family M1";"";"PF01433"
300;"1.2.21.01.";"BNip3 (BCL2/Adenovirus E1B-interacting protein 3)";"1.A.20";"PF06553"
301;"1.1.10.04.";"Multidrug resistance exporter (MDR)";"3.A.1.201";"PF00664"
302;"1.1.20.01.";"Connexin";"1.A.24";"PF00029"
303;"2.3.14.02.";"SpoIIaa-like protein";"";"PF11964"
304;"1.1.26.05.";"Amino acid-Polyamine-Organocation (APC) family";"2.A.3";"PF00324"
305;"1.2.38.01.";"Transglycosylase of penicillin-binding proteins (Glycosyltransferase family 51)";"";"PF00912"
368;"2.3.05.03.";"FAD dependent oxidoreductase";"";"PF01266"
307;"1.1.54.01.";"Prokaryotic diacylglycerol kinase";"";"PF01219"
308;"1.2.17.01.";"SNARE complex";"1.F.1";"PF00835"
309;"1.1.22.01.";"Pore-forming haemolysin E";"1.C.10";"PF06109"
310;"1.1.13.02.";"ATP-gated cation channel";"1.A.7";"PF00864"
313;"2.1.38.01.";"Corynebacterial porin B";"1.B.41";"PF11565"
314;"3.1.15.02.";"Lactococcin A";"1.C.22";""
315;"2.3.19.01.";"Glycosylating toxin";"1.C.57";"PF04488"
316;"2.2.42.01.";"Pneumovirus matrix protein";"";"PF03393"
317;"2.1.31.01.";"Colicin M";"";"PF14859"
318;"1.1.30.01.";"OxaA/YidC";"2.A.9";"PF02096"
319;"3.2.01.01.";"Antimicrobial beta-hairpin peptides from coastal annelids";"1.C.81";"PF04089"
800;"3.2.04.02.";"Serine protease inhibitor derived peptide";"";""
321;"2.3.20.01.";"CheY-like";"";"PF01058"
322;"2.1.01.04.";"Plant phospholipase A2";"";""
323;"1.3.10.01.";"Oligogalactoronate-specific porin (KdgM)";"1.B.35.";"PF06178"
324;"1.2.03.01.";"T-cell surface glycoprotein CD4";"";"PF12104"
325;"1.2.38.02.";"Phage lysozyme";"";"PF00959"
326;"1.1.14.02.";"Formate/Nitrite transporter (FNT) family";"1.A.16";"PF01226"
327;"1.1.17.02.";"Urea transporter";"1.A.28";"PF03253"
328;"1.1.16.01.";"Glutamate-gated Ion Channel (GIC) family";"1.A.10";"PF00060"
329;"2.3.16.04.";"Dynamin";"";"PF00350"
330;"2.3.16.05.";"ArsA ATPase";"";"PF02374"
331;"3.1.05.02.";"Lipopeptide detergents";"";""
332;"1.1.51.01.";"Vitamin K epoxide reductase";"";"PF07884"
333;"1.1.47.01.";"Signal transduction histidine kinase";"9.B.33";"PF13493"
334;"2.3.10.04.";"Glycosyltransferase family 2";"";"PF00535"
335;"3.1.03.02.";"FATC domain";"";"PF02260"
336;"3.1.27.01.";"Pardaxin";"";"PF07425"
337;"3.1.29.01.";"Cathelicidin";"1.C.33";"PF00666"
338;"2.1.25.02.";"Carnocyclin A";"1.C.90";""
339;"3.1.29.02.";"Indolicidin";"";""
340;"3.1.29.03.";"Tritrpticin";"";""
341;"3.4.07.01.";"Designed Trp-rich and cationic peptides";"";""
342;"1.1.31.01.";"Tellurite-resistance/Dicarboxylate transporter";"2.A.16";"PF03595"
343;"2.1.33.01.";"DrrA protein";"";""
344;"1.1.73.01.";"Bacterial conjugation TrbI-like";"3.A.7";"PF03743"
345;"2.1.34.01.";"DivIVA protein";"";"PF05103"
346;"2.1.35.01.";"PASCIN (protein kinase C and casein kinase substrate)";"";"PF00611"
347;"1.1.46.01.";"MerF Mercuric ion uptake family";"1.A.72";"PF11431"
348;"3.1.21.03.";"Melittin";"1.C.18";"PF01372"
349;"3.1.28.01.";"Dermaseptin";"1.C.52";"PF12121"
350;"1.1.25.04.";"Fucose-proton symporter";"2.A.1.7";"PF07690"
351;"1.1.28.02.";"Heavy metal efflux family";"2.A.6.1";"PF00873"
352;"1.1.38.01.";"Multi antimicrobial extrusion (MATE) family";"2.A.66.1";"PF01554"
353;"2.2.44.01.";"PLAT domain";"";"PF01477"
354;"2.1.36.01.";"Endoplasmic reticulum oxidoreductin";"";"PF04137"
392;"1.2.38.03.";"Transglycosylase SLT domain";"";"PF01464"
357;"1.2.08.01.";"TYROBP";"";""
358;"1.1.39.01.";"S component of prokaryotic riboflavin transporter";"2.A.87";"PF07155"
359;"1.1.25.05.";"Proton-dependent oligopeptide transporter (POT)";"2.A.17";"PF00854"
360;"1.1.12.03.";"Potassium transporter TrkH/TrkA complex";"2.A.38";"PF02386"
361;"2.3.06.11.";"Monoacylglycerol lipase";"";"PF12146"
362;"1.2.27.01.";"Fst toxin";"1.C.64";"PF13955"
363;"1.3.02.01.";"Opacity porins";"";"PF02462"
364;"1.3.03.01.";"Outer membrane protein W (OmpW) family";"1.B.39";"PF03922"
373;"3.1.18.01.";"Delta lysin";"";"PF05372"
374;"3.1.07.04.";"Hepatitis C virus envelope glycoprotein E peptides";"";"PF01539"
376;"3.1.03.03.";"Membrane-binding domain of phosphotransferase IIA component";"";"PF00358"
377;"2.3.09.01.";"Cytidylyltransferase";"";"PF01467"
378;"3.1.21.09.";"Scorpion NDBP 5 family";"";""
379;"3.1.08.01.";"Antifreeze protein, type I";"";""
380;"3.1.05.04.";"Distinctin";"";""
381;"3.2.01.06.";"Theta-defensin";"";""
382;"3.1.28.05.";"Maculatin";"1.C.76";"PF08256"
383;"3.1.05.05.";"Anticoccidial peptide PW2";"";""
384;"3.2.01.02.";"Thanatin";"";""
385;"3.1.05.07.";"Penetratin";"";""
386;"2.3.06.05.";"Carboxylesterase/Thioesterase 1";"";"PF02230"
387;"2.3.06.12.";"Carboxylesterase";"";"PF07859"
388;"2.3.06.13.";"NDRG family";"";"PF03096"
389;"2.3.06.14.";"Secretory lipase";"";"PF03583"
390;"1.3.01.02.";"Enterobacterial Ail/Lom protein";"";"PF06316"
391;"1.3.05.01.";"Lipid A 3-O-deacylase (PagL)";"";"PF09411"
393;"2.3.10.05.";"Glycosyltransferase family 30";"";"PF04413"
394;"1.1.28.03.";"SecDF protein-export membrane protein";"";"PF02355"
395;"2.1.07.01.";"Class III cytochrome C";"";"PF02085"
396;"1.1.52.01.";"Oligosaccharyltransferase";"";"PF02516"
402;"1.1.57.01.";"Type IV leader peptidase";"";"PF01478"
403;"1.3.19.02.";"Alginate export porin";"1.B.13";""
404;"2.2.18.01.";"Adaptor complexes";"";"PF00928"
405;"1.1.04.01.";"H+ or Na+ translocating NADH dehydrogenase";"3.D.1";"PF00361"
407;"1.2.03.02.";"T-cell immunoglobulin and mucin domain-containing (TIM) protein";"";""
889;"2.3.06.19.";"Bacterial lipase, class 2";"";"PF01674"
409;"2.2.23.01.";"BamB lipoprotein";"";"PF01011"
410;"2.4.08.01.";"Pancreatic ribonuclease family";"";"PF00074"
411;"1.1.33.01.";"Bile Acid:Na+ Symporter (BASS) Family";"2.A.28";"PF01758"
412;"1.1.75.02.";"TatA";"2.A.64";"PF02416"
413;"3.1.02.07.";"Sodium-proton antiporter-1 peptides";"";""
414;"2.1.30.01.";"Mistic";"9.B.23";"PF11458"
415;"1.2.30.01.";"Voltage-gated K+ channel accessory protein (MinK)";"8.A.10";"PF02060"
416;"3.1.07.06.";"Membrane anchor domain of viral protease";"";""
417;"1.2.13.01.";"PufX";"";"PF11511"
418;"3.1.05.08.";"MSI-594 derived peptides";"";""
420;"3.1.01.01.";"Cyclotide propeptide";"";""
421;"2.2.41.03.";"Big defensin";"";""
424;"3.4.08.01.";"Neurotensin/neuromedin N";"";"PF07421"
426;"3.1.05.09.";"Histidine-rich alpha-helical peptides";"";""
427;"3.1.25.01.";"Latarcin";"";"PF10279"
428;"3.1.09.01.";"Herpesvirus US12 family";"";"PF05363"
429;"2.1.17.01.";"SHERP";"";""
430;"1.2.24.01.";"Vpu protein";"1.A.40";"PF00558"
431;"2.1.39.01.";"Viral protein R (VPR) family";"1.A.42";"PF00522"
432;"2.1.40.01.";"Munc13 (mammalian) homology domain (MHD)";"";"PF10540"
433;"2.1.41.01.";"Phosphatidylinositol 3- and 4-kinase";"";"PF00454"
434;"1.2.19.01.";"Tom20 family";"3.A.8";"PF02064"
435;"1.1.48.01.";"Putative sulfate transporter (CysZ)";"2.A.121";""
436;"1.3.25.02.";"HlyA hemolysin (n=14,S=14)";"1.C.14";"PF12563"
437;"2.4.05.02.";"Sterol binding-like domain of SDS hydrolase";"";""
438;"2.3.13.03.";"DSBA-like thioredoxin domain";"";"PF01323"
439;"2.4.15.01.";"Negative factor (Nef) protein";"";"PF00469"
440;"2.3.21.01.";"Dual specificity phosphatase";"";"PF00782"
441;"2.2.45.01.";"Autotransporter pertactin domain";"1.B.12";"PF03212"
442;"3.1.28.02.";"Bombesin-like peptides";"";"PF02044"
443;"3.1.28.03.";"Bombinin";"";"PF05298"
444;"2.1.42.01.";"Enterocin A immunity protein";"";"PF08951"
445;"2.4.16.05.";"Fungal defensins";"";""
446;"3.2.01.07.";"Protegrin";"";"PF00666"
447;"3.1.28.04.";"Brevinin/gaegurin";"";"PF08023"
448;"3.1.24.01.";"Penaeidin";"";"PF05927"
449;"2.4.16.06.";"Myticin";"";"PF10690"
450;"2.4.12.01.";"Liver-expressed antimicrobial peptide";"";"PF07359"
451;"2.2.41.04.";"Bacillus cereus group antimicrobial protein";"";"PF12197"
452;"3.1.15.03.";"Plantaricin EF";"1.C.29";""
453;"3.1.15.04.";"Plantaricin JK";"1.C.30.";""
454;"3.1.16.01.";"Lactococcin G";"1.C.25";"PF08129"
455;"2.2.34.05.";"Tachystatin";"";"PF11478"
456;"3.1.21.06.";"Stomoxyn";"";"PF11585"
457;"2.4.16.07.";"Diapausin";"";"PF08036"
897;"1.2.059.01.";"Arylesterase";"";"PF01731"
459;"2.2.28.01.";"Tachycitin";"";"PF01607"
460;"2.2.28.02.";"Scarabaecin";"";""
461;"2.2.33.01.";"Chitin recognition protein";"";"PF00187"
462;"3.2.01.03.";"Androctonin";"";""
463;"3.2.01.04.";"Gomesin";"";""
464;"3.2.01.05.";"Tachyplesin";"";""
465;"2.4.16.08.";"Macin";"";"PF14865"
466;"3.1.21.07.";"Cupiennin";"";""
467;"3.1.23.01.";"Meucin";"";""
468;"2.2.07.02.";"Streptavidin-like bacterial lipoprotein";"";"PF08794"
469;"3.1.04.02.";"Prion protein peptides";"";"PF00377"
470;"3.1.10.01.";"Streptococcal competence stimulating peptide";"";"PF03047"
471;"3.4.02.05.";"Lichenicidin";"";""
472;"3.1.21.04.";"Oxyopinin";"";"PF08025"
473;"3.1.05.01.";"Platelet factor-derived peptides";"";""
474;"2.1.43.01.";"Acanthaporin";"";""
475;"2.1.44.01.";"Glycocin";"";""
476;"2.1.45.01.";"Plant antimicrobial alpha-hairpin";"";""
477;"2.4.16.09.";"Plant self-incompatibility response protein";"";"PF06876"
478;"2.4.16.10.";"Prokineticin";"";"PF06607"
479;"3.4.02.06.";"Epilancin";"";""
480;"3.1.01.02.";"Leader peptides";"";""
481;"3.4.09.01.";"Catestatin";"";"PF01271"
482;"3.1.30.01.";"Lactotransferrin-based peptides";"";"PF00405"
483;"2.2.41.05.";"Myotoxin";"";"PF00819"
484;"3.1.07.01.";"Fusion peptides of viral envelope glycoproteins";"";""
485;"3.1.07.02.";"Juxtamembrane peptides of viral envelope glycoproteins";"";""
487;"3.1.01.05.";"Vacuolar targeting peptide";"";""
488;"3.1.01.06.";"Mitochondrial targeting peptide";"";""
489;"2.4.16.11.";"Bee venom toxins";"";""
490;"3.4.04.02.";"Surfactin";"1.D.11";""
491;"3.1.03.01.";"Membrane anchor helix of BAR domain";"";""
492;"3.1.04.01.";"Peptides of STE5 protein";"";"PF11610"
493;"3.1.02.10.";"Transmembrane emp24 domain-containing protein 10";"";"PF01105"
494;"3.1.02.01.";"GPCR peptides";"";""
495;"1.2.44.01.";"Amyloid beta A4 protein";"1.C.50";"PF03494"
496;"3.1.02.12.";"Peptides of epidermal growth factor receptors";"";""
498;"3.1.03.05.";"Anchor helix of glycosyl transferases group 1";"";"PF13579"
499;"3.1.04.03.";"Peptides of viral protein R";"1.A.42";"PF00522"
500;"3.1.02.02.";"Voltage-gated channel peptides";"";""
501;"3.1.02.03.";"Peptides of ATP synthase subunit b";"";"PF00430"
502;"3.1.31.01.";"Dermcidin";"";""
503;"3.1.02.09.";"Peptides of platelet endothelial cell adhesion molecule";"";""
504;"2.1.29.02.";"Apolipoprotein A-II";"";"PF04711"
505;"2.1.29.05.";"Apolipoprotein C-III";"";"PF05778"
506;"2.1.29.06.";"Perilipin";"";"PF03036"
507;"2.1.29.03.";"Apolipoprotein C-I";"";"PF04691"
508;"2.1.29.04.";"Apolipoprotein C-II";"";"PF05355"
509;"3.1.06.02.";"Designed apolipoprotein-like peptides";"";""
510;"2.4.17.01.";"Vitellogenin";"";"PF01347"
511;"3.4.06.01.";"Conomarphin";"";""
512;"2.2.34.09.";"Conotoxin M";"";"PF02950"
513;"2.2.34.10.";"Scorpion calcine family";"";"PF08099"
514;"3.2.02.02.";"Conotoxin T";"8.B.4";""
516;"2.2.14.02.";"SUN (Sad1 and UNC) domain";"";"PF07738"
517;"3.1.02.05.";"Pentameric ligand-gated ion channel peptides";"";""
519;"3.1.02.04.";"V-type proton ATPase peptides";"";""
520;"2.2.29.01.";"MABP (FAM125) family";"";"PF10240"
521;"1.1.53.01.";"Isoprenylcysteine carboxyl methyltransferase (ICMT)";"";"PF04140"
523;"2.1.14.03.";"SNAP family";"1.F.1";""
719;"1.2.20.01.";"Mycobacterial protein Rv1761c";"";""
527;"1.2.36.01.";"Haemagglutinin-neuraminidase";"";"PF00423"
528;"1.2.05.01.";"Toll-like receptors";"";""
529;"1.2.07.01.";"Protein jagged";"";"PF00008"
530;"1.2.37.01.";"ADP-ribosyl cyclase";"";"PF02267"
531;"1.2.06.01.";"Tumour necrosis factor";"";"PF00229"
532;"1.2.14.01.";"TGF-beta receptor type III";"";"PF00100"
533;"1.2.18.01.";"Sortase";"";"PF04203"
534;"1.2.41.01.";"Acyl CoA binding protein";"";"PF00887"
727;"2.3.19.03.";"Glycosyltransferase like family 2";"";"PF13641"
724;"1.1.05.06.";"Prokaryotic cytochrome b561";"";"PF01292"
720;"1.1.75.01.";"TatC";"2.A.64";"PF00902"
721;"1.1.57.02.";"Presenilin";"1.A.54";"PF01080"
539;"1.1.55.01.";"LPS O-antigen chain length determinant protein";"";"PF02706"
540;"1.1.62.01.";"Transmembrane protein containing HAMP domain";"";"PF00672"
722;"1.1.76.01.";"Urea/amide channel";"1.A.29";"PF02293"
542;"1.2.03.04.";"Leukocyte immuniglobulin-like receptor";"";""
544;"1.2.03.05.";"Type I cytokine receptor family";"";""
545;"1.2.03.06.";"Cadherin";"";"PF00028"
546;"1.2.03.07.";"Netrin receptor family";"";""
547;"1.2.39.03.";"Mammalian disintegrin-metalloprotease";"";"PF00200"
548;"1.1.49.01.";"ATPase family associated with various cellular activities (AAA)";"";"PF00004"
549;"1.2.39.02.";"Matrixin";"";"PF00413"
550;"1.2.17.03.";"Syntaxin";"";"PF00804"
551;"2.4.06.03.";"Pathogenesis-related protein Bet v I family";"";"PF00407"
552;"2.4.06.04.";"Polyketide cyclase/dehydrase and lipid transport";"";"PF03364"
553;"2.3.16.07.";"Ras family";"";"PF00071"
554;"2.3.16.08.";"Interferon-inducible GTPase";"";"PF05049"
555;"2.3.16.09.";"Cobalamin synthesis protein cobW";"";"PF07683"
556;"2.3.01.03.";"Alpha amylase";"";"PF00128"
557;"2.3.01.04.";"Hyaluronidase";"";"PF01630"
558;"2.3.01.05.";"Glucanosyltransferase";"";"PF03198"
559;"2.3.01.06.";"Cellulase (glycosyl hydrolase family 5)";"";"PF00150"
560;"2.3.01.07.";"Glycosyl hydrolases family 18";"";"PF00704"
561;"2.3.01.08.";"Glycosyl hydrolase family 26";"";"PF02156"
562;"2.3.01.09.";"Glycosyl hydrolase family 53";"";"PF07745"
563;"2.3.01.10.";"Glycosyl hydrolase family 59";"";"PF02057"
564;"1.2.43.02.";"Alphavirus E1 glycoprotein";"";"PF01589"
565;"1.2.43.03.";"Herpesvirus glycoprotein B";"";"PF00606"
566;"1.2.43.04.";"Rhabdovirus spike glycoprotein";"";"PF00974"
567;"1.2.43.05.";"Baculovirus gp64 envelope glycoprotein";"";"PF03273"
569;"2.3.19.02.";"Glycosyltransferase family 6";"";"PF03414"
570;"2.2.21.02.";"Fibroblast growth factor";"";"PF00167"
571;"2.2.21.03.";"Interleukin-1/18";"";"PF00340"
572;"2.2.21.04.";"Cytolethal distending toxin A/C family";"";"PF03498"
573;"2.2.21.05.";"Trypsin and protease inhibitor";"";"PF00197"
574;"2.3.05.04.";"Zinc-binding dehydrogenase";"";"PF00107"
575;"2.3.05.05.";"GDP dissociation inhibitor";"";"PF00996"
576;"2.3.05.06.";"Methyltransferase domain";"";"PF08241"
577;"2.2.05.02.";"Plastocyanin-like domain";"";"PF02298"
578;"2.3.15.02.";"Phosphoadenosine phosphosulfate reductase family";"";"PF01507"
579;"2.4.02.02.";"Nuclear transport factor 2";"";"PF02136"
695;"3.1.05.10.";"WALP peptides";"";""
581;"2.3.18.02.";"Condensation domain";"";"PF00668"
582;"2.2.45.02.";"Pectate lyase";"";"PF00544"
583;"2.2.02.03.";"Peptidase S7, Flavivirus NS3 serine protease";"";"PF00949"
584;"2.3.13.04.";"Glutathione peroxidase";"";"PF00255"
585;"2.3.13.05.";"AhpC/TSA family";"";"PF00578"
765;"1.1.02.04.";"Bacterial photosystems";"";""
587;"2.1.14.01.";"Tetratricopeptide repeat";"";"PF00515"
588;"2.1.14.02.";"SusD family";"";"PF07980"
589;"2.2.07.03.";"Avidin family";"";"PF01382"
590;"2.2.03.02.";"Retroviral aspartyl protease";"";"PF00077"
591;"2.2.12.05.";"Periplasmic glucan biosynthesis protein, MdoG";"";"PF04349"
592;"2.2.12.03.";"Immunoprotective extracellular protein";"";"PF09167"
593;"3.3.02.01.";"Collagen triple helix";"";"PF01391"
594;"3.2.08.01.";"Beta-sheet peptides of amyloid beta A4 protein";"";"PF03494"
595;"3.2.08.02.";"Beta-sheet peptides of major prion protein";"";"PF00377"
596;"2.1.06.01.";"Signal peptide binding domain";"";"PF02978"
597;"2.1.46.01.";"Ferritin-related protein yciE";"";"PF05974"
598;"2.1.47.01.";"Bacterial globin";"";"PF01152"
599;"2.1.48.01.";"Iron-containing alcohol dehydrogenase";"";"PF00465"
600;"2.1.49.01.";"3'5'-cyclic nucleotide phosphodiesterase";"";"PF00233"
601;"2.1.50.01.";"PhoU domain";"";"PF01895"
602;"2.1.51.01.";"Protein prenyltransferase";"";"PF01239"
603;"2.1.52.01.";"Insect pheromone/odorant binding proteins";"";"PF01395"
604;"2.1.53.01.";"Pex19 protein family";"";"PF04614"
605;"2.1.54.01.";"Programmed cell death protein 10 family";"";"PF06840"
606;"2.1.55.01.";"Pas factor";"";"PF09016"
607;"2.1.56.01.";"L27 domain";"";"PF09045"
608;"2.1.57.01.";"Adhesion protein FadA";"";"PF09403"
609;"2.1.58.01.";"Death domain";"";"PF00531"
610;"2.2.09.01.";"Kelch motif";"";"PF01344"
611;"2.2.09.02.";"SMP-30/Gluconolaconase/LRE-like region";"";"PF08450"
612;"2.2.09.03.";"Lactonase, 7-bladed beta-propeller";"";"PF10282"
613;"2.2.09.04.";"Nucleoporin Nup120/160";"";"PF11715"
614;"2.2.13.01.";"Cellulose binding domain";"";"PF00942"
615;"2.2.15.01.";"Beta/Gamma crystallin";"";"PF00030"
616;"2.2.25.01.";"Copper/zinc superoxide dismutase";"";"PF00080"
617;"2.2.37.01.";"Copper amine oxidase";"";"PF01179"
618;"2.2.43.01.";"Mitochondrial biogenesis AIM24";"";"PF01987"
619;"2.2.47.01.";"N-terminal domain of cellulase";"";"PF02927"
620;"2.2.48.01.";"Molybdenum cofactor biosynthesis protein MoeA";"";"PF03453"
621;"2.2.49.01.";"Insect antifreeze protein";"";"PF05264"
717;"3.1.32.01.";"Toxin-antitoxin module";"1.C.103";""
623;"2.2.51.01.";"Necrosis inducing protein";"";"PF05630"
624;"2.2.52.01.";"Allene oxide cyclase";"";"PF06351"
625;"2.2.53.01.";"Fas apoptotic inhibitory molecule";"";"PF06905"
626;"2.2.54.01.";"Hepatitis C virus non-structural 5a domain";"";"PF08300"
627;"2.2.55.01.";"Aspartic peptidase of Shewanella";"";"PF08985"
628;"2.2.56.01.";"Beta-2-glycoprotein-1 fifth domain";"";"PF09014"
629;"2.2.57.01.";"Levansucrase/Invertase";"";"PF02435"
630;"2.2.58.01.";"Arrestin";"";"PF00339"
631;"2.3.04.01.";"PHP domain";"";"PF02811"
632;"2.3.07.01.";"M42 glutamyl aminopeptidase";"";"PF05343"
633;"2.3.17.01.";"DAHP synthetase I family";"";"PF00793"
634;"2.3.17.02.";"Pterin binding enzyme";"";"PF00809"
635;"2.3.22.01.";"NADPH-dependent FMN reductase";"";"PF03358"
636;"2.3.22.02.";"NrdI Flavodoxin like";"";"PF07972"
637;"2.3.23.01.";"Beta-ketoacyl synthase";"";"PF00109"
638;"2.3.24.01.";"Haloacid dehalogenase-like hydrolase";"";"PF00702"
639;"2.3.24.02.";"Haloacid dehalogenase-like hydrolase";"";"PF08282"
640;"2.3.25.01.";"GDSL-like Lipase/Acylhydrolase";"";"PF00657"
641;"2.3.26.01.";"Fatty acid synthesis protein";"";"PF02504"
642;"2.3.27.01.";"Dihydrofolate reductase";"";"PF00186"
643;"2.3.28.01.";"Aldo/keto reductase family";"";"PF00248"
644;"2.3.29.01.";"Putative undecaprenyl diphosphate synthase";"";"PF01255"
645;"2.3.30.01.";"Low molecular weight phosphotyrosine protein phosphatase";"";"PF01451"
646;"2.3.31.01.";"PTS system sorbose subfamily IIB component";"";"PF03830"
647;"2.3.32.01.";"Mur ligase";"";"PF08245"
648;"2.3.33.01.";"Glycosyl hydrolase family 85";"";"PF03644"
649;"2.4.09.01.";"Protein kinase domain";"";"PF00069"
650;"2.4.18.01.";"Phospholipase B";"";"PF04916"
651;"2.4.19.01.";"CutA1 divalent ion tolerance protein";"";"PF03091"
652;"2.4.20.01.";"Papain family cysteine protease";"";"PF00112"
653;"2.4.20.02.";"N-acetyltransferase";"";"PF00797"
654;"2.4.21.01.";"Hedgehog amino-terminal signalling domain";"";"PF01085"
655;"2.4.21.02.";"D-alanyl-D-alanine carboxypeptidase";"";"PF02557"
725;"2.1.22.01.";"Alternative oxidase";"";"PF01786"
657;"2.4.23.01.";"Heme NO binding";"";"PF07700"
658;"2.4.24.01.";"Mandelate racemase/Muconate lactonizing enzyme";"";"PF01188"
659;"2.4.25.01.";"Acetyltransferase (GNAT) family";"";"PF00583"
660;"2.4.26.01.";"HIT domain";"";"PF01230"
661;"2.4.27.01.";"AIG2-like family";"";"PF06094"
662;"2.4.28.01.";"Phenazine biosynthesis-like protein";"";"PF02567"
663;"2.4.29.01.";"Staphylococcal/Streptococcal toxin";"";"PF02876"
664;"2.4.30.01.";"MATH domain";"";"PF00917"
665;"2.4.31.01.";"Fibrinogen beta and gamma chains";"";"PF00147"
666;"2.4.32.01.";"PAP2 superfamily";"";"PF01569"
667;"2.4.33.01.";"Putative peptidoglycan binding domain";"";"PF01471"
668;"2.4.33.02.";"Collagenase";"";"PF01752"
669;"2.1.60.03.";"Cysteine-rich secretory protein family";"";"PF08562"
670;"2.4.35.01.";"Catalase";"";"PF00199"
671;"2.4.36.01.";"Transforming growth factor (TGF)-beta";"";"PF00688"
818;"3.1.02.15.";"Peptides of ionotropic glutamate receptor";"";""
789;"1.1.24.01.";"Bestrophin anion channel";"1.A.46";"PF01062"
792;"1.1.91.01.";"Ergosterol reductase family";"";"PF01222"
675;"2.4.40.01.";"IpaB/EvcA family";"";"PF03278"
790;"1.2.47.01.";"Heavy-metal resistance proteins";"";"PF13801"
791;"1.1.42.01.";"Nicotinamide mononucleotide transporter";"4.B.1";"PF04973"
858;"2.3.06.16.";"Alpha/beta hydrolase-6 family";"";"PF12695"
793;"3.1.11.05.";"Parathyroid hormone family";"";"PF01279"
680;"2.4.49.01.";"Inositol-pentakisphosphate 2-kinase";"";"PF06090"
681;"2.4.50.01.";"Vesiculovirus matrix protein";"";"PF06326"
682;"2.4.51.01.";"Heme-binding protein A";"";"PF06438"
683;"2.4.52.01.";"Spondin";"";"PF06468"
684;"2.4.53.01.";"Resistin";"";"PF06954"
794;"3.1.03.07.";"N-terminal helix of Disabled-2";"";""
686;"2.4.41.01.";"Hepatitis C virus non-structural protein NS2";"";"PF01538"
687;"2.4.20.03.";"Porcine arterivirus-type cysteine proteinase alpha";"";"PF05410"
688;"2.3.06.15.";"Hydroxynitrile lyase-like";"";"PF12697"
690;"1.1.64.01.";"Sodium/calcium exchanger";"2.A.19";"PF01699"
691;"1.1.65.01.";"Concentrative nucleoside transporter";"2.A.41";"PF07662"
692;"1.2.42.01.";"Calcineurin-like phosphoesterase";"";"PF00149"
694;"1.1.66.01.";"Proton-translocating pyrophosphatase";"3.A.10";"PF03030"
696;"3.1.04.04.";"Peptides of huntingtin";"";""
697;"1.1.67.01.";"Transmembrane proteins 14";"";"PF03647"
698;"1.1.68.01.";"Transmembrane protein 141";"";""
699;"1.1.69.01.";"Hypoxia induced protein";"";"PF04588"
700;"2.4.20.04.";"Lecithin retinol acyltransferase";"";"PF04970"
701;"3.1.02.08.";"Copper transporter 1 peptides";"1.A.56";""
702;"1.3.11.02.";"Autotransporter-3";"1.B.54";"PF11924"
703;"1.1.70.01.";"Peptidase family M48";"";"PF01435"
704;"2.1.21.02.";"GAG  p10  protein";"";"PF02337"
705;"2.1.21.03.";"MMLV matrix protein p15";"";"PF01140"
706;"2.1.21.04.";"GAG M domain";"";"PF02813"
707;"2.1.21.05.";"EIAV matrix protein p15";"";"PF08723"
708;"2.2.01.01.";"F18-type adhesin";"";""
709;"1.1.71.01.";"Bacterial phosphoinositide phosphatase";"";""
710;"2.3.16.10.";"Tetraacyldisaccharide 4-kinase";"";"PF02606"
711;"3.1.07.07.";"Fusion protein p14";"";""
712;"2.1.16.01.";"Myelin basic protein";"";"PF01669"
713;"1.1.25.06.";"Sugar porter family";"2.A.1.1";"PF00083"
714;"1.1.72.01.";"Divalent anion:Na+ symporter (DASS) family";"2.A.47";"PF00939"
715;"1.3.16.04.";"Glucose-selective OprB porin";"1.B.19";"PF04966"
716;"3.1.07.08.";"Peptide of outer capsid glycoprotein VP7";"";"PF00434"
718;"1.1.74.01.";"Calcium release-activated calcium (CRAC) channel";"1.A.52";"PF07856"
728;"2.2.50.01.";"Treponema lipoprotein";"1.B.45";""
729;"1.2.53.01.";"Squalene/phytoene synthase";"";"PF00494"
730;"2.1.60.01.";"Sea anemone peptide toxin, class 1";"8.B.14";"PF01549"
731;"2.3.13.06.";"Intracellular chloride channel (CLIC)";"1.A.12";"PF13417"
732;"1.1.39.03.";"Energy-coupling factor transporters";"3.A.1.26";"PF12822"
733;"1.1.25.07.";"Nitrate/nitrite porter";"PF07690";"2.A.1.8"
734;"1.1.01.04.";"Frizzled/Smoothened family";"9.A.14";"PF01534"
735;"1.3.27.01.";"Capsule assembly protein Wzi";"";"PF14052"
736;"1.3.06.02.";"Imipenum resistance-associated porin";"1.B.63";""
737;"2.2.09.05.";"WD repeat peroxin-7 family";"PF00400";""
738;"2.2.46.01.";"Insect hemolymph lipoprotein";"";"PF03260"
739;"2.4.22.01.";"FAD binding domain";"";"PF01565"
740;"1.3.17.02.";"OMP insertion (Bam complex) porin (n=16,S=22)";"1.B.33";"PF01103"
741;"1.1.79.01.";"Nucleocapsid P7 protein";"";""
742;"1.1.80.01.";"Transmembrane glycosyl transferase";"";"PF00953"
743;"3.2.01.09.";"Synthetic beta-hairpin";"";""
744;"3.1.02.13.";"Regulatory domain of brain carnitine palmitoyltransferase";"";""
745;"1.1.35.02.";"Sodium-proton antiporter 1";"2.A.36";"PF00999"
746;"2.2.59.01.";"Mannose-binding lectin";"";"PF01419"
747;"2.4.43.01.";"OmpA";"";"PF00691"
748;"1.2.28.01.";"Bacterial virulence factors";"";""
749;"1.1.12.04.";"Transient receptor potential channels";"1.A.4";"PF06011"
750;"1.1.40.01.";"Glutamate-dependent intramembrane protease";"";"PF02517"
751;"3.1.05.11.";"ALPS peptides";"";""
752;"1.2.22.02.";"BH3 interacting domain (BID)";"";"PF06393"
753;"2.1.60.02.";"Sea anemone-like toxins";"";""
754;"1.1.25.08.";"Glycoside-pentoside-hexuronide:cation symporter";"2.A.2";""
755;"1.1.100.01.";"Voltage-sensing phosphatases";"";""
756;"1.1.06.02.";"Cytochrome b561";"5.A.4";"PF03188"
757;"1.1.81.01.";"Viral P7 protein";"";""
758;"1.1.01.05.";"GPCR Metabotropic glutamate receptor (C) family";"9.A.14";"PF00003"
759;"1.1.82.01.";"UbiA prenyltransferases";"";"PF01040"
760;"3.2.09.03.";"Tyrocidine A";"";""
761;"1.1.39.04.";"Cobalt uptake transporter";"3.A.1.23";"PF01891"
762;"1.1.83.01.";"Mitochondrial and bacterial outer membrane translocator";"9.A.24";"PF03073"
763;"1.2.45.01.";"Coronavirus E protein";"1.A.65";"PF02723"
766;"2.1.61.01.";"Muramidase";"";""
767;"3.1.07.09.";"Fusion protein p15";"";""
768;"1.1.75.03.";"TatB protein";"";""
769;"1.2.46.01.";"Polyomavirus agnoprotein";"";"PF01736"
770;"1.1.84.01.";"Membrane CDP-alcohol phosphatidyltransferase";"";"PF01066"
771;"1.1.85.01.";"Claudins";"1.H.1";"PF13903"
772;"1.1.86.01.";"Testis-enhanced gene transfer family";"1.A.14";""
773;"1.1.87.01.";"Transmembrane lipid phosphatase";"";"PF01569"
774;"1.1.88.01.";"NAD(P) transhydrogenase";"";"PF02233"
775;"2.2.60.01.";"Matrix protein VP40";"";"PF07447"
776;"1.3.28.01.";"LPS assembly protein family (n=26, S=30)";"1.B.42.";"PF03968"
777;"1.1.89.01.";"Rhodanese";"";"PF00581"
778;"1.1.90.01.";"Cytidine-diphosphate diacylglycerol synthetase family";"";"PF01148"
779;"3.1.02.14.";"Tumor-associated calcium signal transducer 2 peptides";"";""
780;"1.1.12.06.";"Two pore channels";"1.A.1.8";"PF07885"
781;"2.3.10.06.";"Glycosyltransferase family 4";"";"PF13439"
782;"2.3.10.07.";"Glycosyltransferase family 1";"";"PF00534"
783;"1.1.41.01.";"SemiSWEET bacterial sugar transporters";"9.A.58";"PF03083"
784;"1.2.05.02.";"Internalin family";"";""
785;"3.1.04.05.";"Peptides of lactotransferrin";"";""
786;"3.1.03.06.";"Heat shock protein 9/12";"";"PF04119"
787;"2.4.14.01.";"Cystatin family";"";"PF00031"
788;"1.3.29.01.";"Curli-like transporters (n=36)";"1.B.48";"PF03783"
795;"3.1.04.06.";"Amyloidogenic peptide of phosphatase";"";""
796;"3.1.03.08.";"Lipid interacting helix of digalactosyldiacylglycerol synthase";"";""
797;"2.1.62.01.";"Thuricin";"1.C.94";""
798;"3.1.04.07.";"Peptides of antifreeze protein";"";""
799;"3.2.10.01.";"Inhibitory peptides derived from seed proalbumin";"";""
801;"3.2.04.03.";"Bowman-Birk inhibitor-like frog peptides";"";""
802;"3.4.01.01.";"Contryphan";"";""
810;"3.2.05.03.";"Lasso peptides, type 3";"";""
804;"3.4.08.02.";"Somatostatin";"";"PF03002"
805;"3.1.15.05.";"LsbB-like peptides";"";""
806;"3.4.08.03.";"Neurohypophysial hormones";"";"PF00220"
807;"3.4.12.01.";"Actinomycines";"";""
808;"3.4.12.02.";"Thiazolylpeptide-type bacteriocin";"";""
809;"3.4.12.03.";"Bacitracin";"";""
811;"2.1.25.03.";"Enterocin";"";""
812;"2.4.06.05.";"Archaeal fatty acid carrier";"";"PF11485"
813;"2.4.16.12.";"Bacterial defensin";"";""
814;"1.1.37.01.";"Divalent metal ion transporter (NRAMP)";"2.A.55";"PF01566"
815;"1.2.29.01.";"Septation ring formation regulator";"";"PF06160"
816;"1.2.48.01.";"Lysosome-associated membrane glycoprotein";"9.A.16";"PF01299"
819;"1.1.23.01.";"Calcium-activated chloride channel";"1.A.17";"PF04547"
820;"3.1.03.09.";"N-terminal helix of Arf proteins";"";""
821;"3.1.02.16.";"Peptides of YscU protein";"";""
822;"1.1.92.01.";"Na(+)-translocating NADH-quinone reductase";"3.D.5";"PF03116"
823;"2.4.04.03.";"Bacterial phosphatidylinositol-specific phospholipase C";"";""
825;"1.1.93.01.";"Cell division protein CrgA";"";"PF02096"
826;"3.1.05.12.";"Designed transmembrane metallotransporter";"";""
827;"1.2.49.01.";"Tumor necrosis factor receptor";"";"PF00020"
828;"1.1.94.01.";"Phosphotransferase (PTS) L-ascorbate family";"4.A.7";"PF03611"
896;"1.1.02.07.";"Bacteriochlorophyll binding protein";"";"PF02043"
830;"2.1.25.04.";"Bacteriocin class IIc";"";"PF12173"
831;"1.3.25.04.";"Channel-forming Bacillus protective antigen (n=14,S=14)";"1.C.42";"PF03495"
832;"3.4.08.04.";"Opioid peptides";"";"PF01160"
833;"3.1.21.08.";"Moricin";"1.C.114";"PF06451"
834;"2.4.34.01.";"SAF domain";"";"PF08666"
835;"2.4.16.13";"CFEM domain";"";"PF05730"
836;"2.4.37.01.";"Monalysin";"";""
837;"3.1.33.01.";"Stage V sporulation protein";"";"PF08183"
838;"2.2.32.01.";"Ricin-type beta-trefoil lectin domain";"1.C.72";"PF00652"
839;"1.1.72.02.";"p-Aminobenzoyl-glutamate transporter";"2.A.68";"PF03806"
840;"1.1.01.06.";"AdipoR/Haemolysin-III-related proteins";"1.C.113";"PF03006"
841;"3.1.05.13.";"Stapled peptides";"";""
842;"1.3.01.03.";"OprF family";"";"PF05736"
843;"3.1.04.08.";"Peptides of superoxide dismutase";"";""
844;"3.4.10.01.";"Methanobactins";"";""
845;"3.1.04.09.";"Hemocyanin-derived peptides";"";""
846;"1.3.15.02.";"Cyclodextrin porin";"1.B.26";""
847;"1.1.57.03.";"Gamma-secretase";"1.A.54";"PF01080"
848;"1.1.95.01.";"Fatty acid desaturase";"";"PF00487"
849;"2.3.34.01.";"N-acyl-phosphatidylethanolamine-hydrolysing phospholipase D";"";"PF00753"
850;"3.1.34.01.";"Conatokin";"";""
543;"1.2.03.08.";"HLA histocompatibility antigen";"";"PF00129"
852;"1.2.51.01.";"Type I phosphodiesterase/nucleotide pyrophosphatase";"";"PF01663"
853;"1.2.52.01.";"Cytochrome c-type biogenesis protein";"";"PF03100"
855;"2.4.38.01.";"UPS1 transporter";"";"PF04707"
856;"1.2.55.01.";"Neutral/alkaline non-lysosomal ceramidase";"";"PF04734"
857;"1.2.56.01.";"Aldehyde dehydrogenase";"";"PF00171"
859;"2.3.06.17.";"Lecithin:cholesterol acyltransferase";"";"PF02450"
860;"2.3.06.18.";"Type VI lipase effectors";"";"PF09994"
861;"1.1.95.02.";"Fatty acid hydroxylase";"";"PF04116"
862;"1.3.30.01.";"Porin/alpha-amylase";"9.B.153.";"PF13557"
863;"3.1.22.01.";"Antifungal alpha-helical peptide";"";""
864;"1.2.03.09.";"Carcinoembryonic antigen-related cell adhesion molecule";"";""
865;"3.2.01.10.";"Plant defensin (beta-hairpin)";"";""
866;"1.1.96.01.";"Fluoride exporter";"9.B.71.";"PF02537"
867;"1.1.26.07.";"Sulfate permease";"2.A.53.";"PF00916"
868;"3.1.03.10.";"Lipid droplet anchoring peptide";"";""
869;"2.1.59.01.";"Secretion system effector C";"";"PF04888"
870;"1.1.97.01.";"Insig-related proteins";"";""
871;"1.1.41.02.";"Eukaryotic SWEET (MtN3) transporters";"2.A.123";""
872;"1.1.26.08.";"Anion exchanger family";"2.A.31";"PF00955"
873;"1.1.25.09.";"Ferroportin";"2.A.5";"PF06963"
874;"3.1.04.10.";"Peptides of DNA-binding proteins";"";""
875;"3.1.35.01.";"Coconut antimicrobial peptides";"";""
876;"1.1.98.01.";"Polyisoprenyl-phosphate glycosyltransferase";"";"PF00535"
877;"1.1.99.01.";"Prolipoprotein diacylglyceryl transferase";"";"PF01790"
878;"1.1.35.03.";"2-Hydroxycarboxylate transporter";"2.A.24";"PF03390"
879;"1.1.52.02.";"Aminoarabinose transferase family";"";""
880;"2.1.25.05.";"Bacteriocin IIi";"1.C.93.";"PF11758"
881;"1.2.45.02.";"Viral channel peptide";"1.A.68";""
882;"1.3.31.01.";"Poly acetyl glucosamine porin (n=16,S=18)";"1.B.55";""
883;"2.1.63.01.";"Bacterial lipid A acyltransferase";"";"PF03279"
884;"1.1.78.01.";"Peptidase A8";"";"PF01252"
885;"1.3.25.05.";"Lysenin (n=18,S=18)";"1.C.43";""
886;"1.2.58.01.";"ERG2 and Sigma1 receptor family";"";"PF04622"
887;"1.1.07.02.";"Cytochrome BD oxidase";"";"PF01654"
888;"1.1.12.07.";"Voltage-sensing proton channel";"1.A.51";"PF07885"
890;"1.1.10.05.";"ABC transporter G family";"3.A.1.204";"PF01061"
891;"3.1.11.06.";"Parathyroid hormone-related protein";"";"PF01274"
892;"1.1.101.01.";"Disufide bond oxidoreductase D";"5.A.1";"PF02683"
893;"2.3.08.02.";"Lysophospholipase catalytic domain";"";"PF01735"
894;"2.2.34.07.";"Asteropsin";"";""
895;"1.1.28.04.";"Patched family";"";"PF02460"
898;"1.1.12.05.";"Polycystin cation channel";"1.A.5";"PF08016"
899;"1.1.102.01.";"Vitamin A receptor/transporter";"2.A.90";""
900;"1.1.12.08.";"Ryanodine receptor";"1.A.3";"PF02026"
901;"3.1.18.02.";"Phenol-soluble modulin peptides";"";""
902;"1.2.12.02.";"Archaeal flagellin/pilin";"";"PF01917"
903;"1.2.50.02.";"Nakanori protein";"";""
904;"1.1.12.09.";"Voltage-sensitive calcium channel";"1.A.1.11";""
905;"1.1.103.01.";"MotA/TolQ/ExbB channel";"2.C.1";"PF01618"
906;"3.4.04.03.";"Tridecaptin";"";""
907;"2.3.003.01.";"Alcohol dehydrogenase";"";"PF08240"
908;"1.1.104.01.";"Homotrimeric cation channel (TRIC)";"1.A.62";"PF05197"
909;"1.2.43.07.";"Hantavirus glycoprotein G1";"";"PF01567"
