"id";"protein_id";"citation";"pmid"
2;96;"Lee AG (1998) How lipids interact with an intrinsic membrane protein: the case of the calcium pump. Biochim. Biophys. Acta 1376: 381-390.";9804995
3;98;"Cornea RL, and Thomas DD (1994) Effect of membrane thickness on the molecular dynamics and enzymatic activity of reconstituted Ca-ATPase. Biochemistry 33: 2912-2920.";8130205
4;98;"Lee AG (1998) How lipids interact with an intrinsic membrane protein: the case of the calcium pump. Biochim. Biophys. Acta 1376: 381-390.";9804995
5;99;"Cornea RL, and Thomas DD (1994) Effect of membrane thickness on the molecular dynamics and enzymatic activity of reconstituted Ca-ATPase. Biochemistry 33: 2912-2920.";8130205
6;99;"Lee AG (1998) How lipids interact with an intrinsic membrane protein: the case of the calcium pump. Biochim. Biophys. Acta 1376: 381-390.";9804995
7;95;"Cornea RL, and Thomas DD (1994) Effect of membrane thickness on the molecular dynamics and enzymatic activity of reconstituted Ca-ATPase. Biochemistry 33: 2912-2920.";8130205
8;95;"Lee AG (1998) How lipids interact with an intrinsic membrane protein: the case of the calcium pump. Biochim. Biophys. Acta 1376: 381-390.";9804995
9;178;"Cornea RL, and Thomas DD (1994) Effect of membrane thickness on the molecular dynamics and enzymatic activity of reconstituted Ca-ATPase. Biochemistry 33: 2912-2920.";8130205
10;178;"Lee AG (1998) How lipids interact with an intrinsic membrane protein: the case of the calcium pump. Biochim. Biophys. Acta 1376: 381-390.";9804995
11;97;"Cornea RL, and Thomas DD (1994) Effect of membrane thickness on the molecular dynamics and enzymatic activity of reconstituted Ca-ATPase. Biochemistry 33: 2912-2920.";8130205
12;97;"Lee AG (1998) How lipids interact with an intrinsic membrane protein: the case of the calcium pump. Biochim. Biophys. Acta 1376: 381-390.";9804995
13;94;"Blaurock AE, and Wilkins MHF (1972) Structure of retinal photoreceptor membranes. Nature 236: 313-314.";4552165
14;94;"Barclay P, and Findlay JBC (1984) Labelling of the cytoplasmic domains of ovine rhodopsin with hydrophilic chemical probes. Biochem. J. 220: 75-84.";6378185
15;94;"Davison MD, and Findlay JBC (1986) Modification of ovine opsin with the photosensitive hydrophobic probe 1-azido-4-[125]-iodobenzene. Biochem. J. 234: 413-420.";2941011
16;94;"Davison MD, and Findlay JBC (1986) Identification of the sites in opsin modified by photoactivated azido[125]iodobenzene. Biochem. J. 236: 389-395.";2944512
17;94;"Hubbell WL, Altenbach C, Hubbell CM, and Khorana HG (2003) Rhodopsin structure, dynamics, and activation: A perspective from crystallography, site-directed spin labeling, sulfhydryl reactivity, and disulfide cross-linking. Adv. Prot. Chem. 63: 243-290.";12629973
18;94;"Krebs A, Edwards PC, Villa C, Li JD, and Schertler GFX (2003) The three-dimensional structure of bovine rhodopsin determined by electron cryomicroscopy. J. Biol. Chem. 278: 50217-50225.";14514682
19;75;" Kamihira M, Vosegaard T, Mason AJ, Straus SK, Nielsen NC, and Watts A (2005) Structural and orientational constraints of bacteriorhodopsin in purple membranes determined by oriented-sample solid-state NMR spectroscopy. J. Struct. Biol. 149: 7-16.";15629653
20;170;"Altenbach C, Marti T, Khorana HG, Hubbell WL (1990) Transmembrane protein structure: spin labeling of bacteriorhodopsin mutants. Science 248: 1088-1092.";2160734
21;170;"Altenbach C, Greenhalgh DA, Khorana HG, Hubbell WL (1994) A collision gradient method to determine the immersion dept of nitroxides in lipid bilayers: application ro spin-labeled mutants of bacteiorhdopsin. Proc. Nat. Acad. Sci. USA91: 1667-1671.";8127863
22;170;"Dumas F, Lebrun MC, and Tocanne J.F. (1999) Is the protein/lipid hydrophobic matching principle relevant to membrane organization and functions? FEBS Lett.458: 271-277.";10570923
23;170;"Greenhalgh DA, Altenbach C, Hubbell WL, and Khorana HG (1991) Locations of Arg-82, Asp-85 and Asp-96 in helix C of bacteriorhodopsin relative to the aqueous boundaries. Proc. Natl. Acad. Sci. USA 88: 8626-8630.";1656452
24;170;"Piknova B, Perochon E, and Tocanne J-F (1993) Hydrophobic mismatch and long-range protein/lipid interactions in bacteriorhodopsin/phosphatidylcholine vesicles. Eur. J. Biochem. 218: 385-396.";8269927
25;101;"Andersen OS, Koeppe RE, and Roux B (2005) Gramicidin channels. IEEE Transact. Nanobiosci. 4: 10-20.";15816168
26;101;"Andronesi OC, Pfeifer JR, Al-Momani L, Ozdirekcan S, Rijkers DTS, Angerstein B, Luca S, Koert U, Killian JA, and Baldus M (2004) Probing membrane protein orientation and structure using fast magic-angle-spinning solid-state NMR. J. Biomol. NMR 30: 253-265";15754053
27;101;"Elliott JR, Needham D, Dilger JP, and Haydon DA (1983) The effects of bilayer thickness and tension on gramicidin single-channel lifetime.  Biochim. Biophys. Acta 735: 95-103.";2579676
28;101;"Harroun TA, Heller WT, Weiss TM, Yang L, and Huang HW (1999) Experimental evidence for hydrophobic matching and membrane-mediated interactions in lipid bilayers containing gramicidin. Biophys. J. 76: 937-945.";9929495
29;101;"Kota Z, Pali T, and Marsh D (2004) Orientation and lipid-peptide interactions of gramicidin A in lipid membranes: Polarized attenuated total reflection infrared spectroscopy and spin-label electron spin resonance. Biophys. J. 86: 1521-1531.";14990479
30;101;"Nabedryk E, Gingold MP, and Breton J (1982) Orientation of gramicidin A transmembrane channel. Infrared dichroism study of gramicidin in vesicles. Biophys J. 38: 243-249.";6179549
31;11;"O’Keeffe AH, East JM, and Lee AG (2000) Selectivity in lipid binding to the bacterial outer membrane protein OmpF. Biophys. J.79: 2066-2074.";11023910
32;11;"Pebay-Peyroula E, Garavito RM, Rosenbusch JP, Zulauf M, and Timmins PA (1995) Detergent structure in tetragonal crystals of OmpF porin. Structure 3:1051-1059.";8590000
33;83;"Montecucco C, Smith GA, Dabbeni-sala F, Johansson A, Galante YM, and Bisson R (1982) Bilayer thickness and enzymatic activity in the mitochondrial cytochrome c oxidase and ATPase complex. FEBS Lett. 144: 145-148.";6286354
34;48;"Pape EH, Menke W, Weick D, and Hoseman R (1974) Small-angle X-ray scattering of the thylakoid membranes of Rhodobacter sphaeroides in aqueous solution. Biophys. J. 14: 221.";4545071
35;48;"Riegler J, and Mohwald H (1986) Elastic interactions of photosynthetic reaction center proteins affecting phase transitions and protein distributions. Biophys. J. 49: 1111-1118.";0
36;48;"Roth M, Arnoux B, Ducruix A, and Reiss-Husson F (1991) Structure of the detergent phase and protein-detergent interactions in crystals of the wild-type (strain Y) Rhodobacter sphaeroides photochemical reaction center. Biochemistry 30: 9403-9413.";1892841
37;35;"Perozo E, Kloda A, Cortes DM, and Martinac B (2001) Site-directed spin-labeling analysis of reconstituted MscL in the closed state. J. Gen. Physiol. 118: 193-205.";11479346
38;35;"Powl AM, East JM, and Lee AG (2003) Lipid-protein interactions studied by introduction of a tryptophan residue: The mechanosensitive channel MscL. Biochemistry 42: 14306-14317.";14640699
39;35;"Powl AM, Wright JN, East JM, and Lee AG (2005) Identification of the hydrophobic thickness of a membrane protein using fluorescence spectroscopy: Studies with the mechanosensitive channel MscL. Biochemistry 44: 5713-5721.";15823029
40;60;"Gross A, and Hubbell WL (2002) Identification of protein side chains near the membrane-aqueous interface: A site-directed spin labeling study of KcsA. Biochemistry 41: 1123-1128.";11802710
41;60;"Gross A, Columbus L, Hideg K, Altenbach C, and Hubbell WL  (1999) Structure of the KcsA potassium channel from Streptomyces lividans: A site-directed spin labeling study of the second transmembrane segment. Biochemistry 38: 10324-10335.";10441126
42;60;"Perozo E, Cortes DM, and Cuello LG (1998) Three-dimensional architecture and gating mechanism of a K+ channel studied by EPR spectroscopy Nature Struct. Biol.  5 (6): 459-469.";9628484
43;60;"Le Coutre J, Kaback HR, Patel CKN, Heginbotham L, and Miller C (1998) Fourier transform infrared spectroscopy reveals a rigid alpha-helical assembly for the tetrameric Streptomyces lividans K+ channel. Proc. Natl. Acad. Sci. USA 95: 6114-6117.";9600926
44;60;"Williamson IM, Alvis SJ, East JM, and Lee AG (2002) Interactions of phospholipids with the potassium channel KcsA. Biophys. J. 83: 2026-2038.";12324421
45;60;"Williamson IM, Alvis SJ, East JM, and Lee AG (2003) The potassium channel KcsA and its interaction with the lipid bilayer. Cell Mol. Life Sci. 60: 1581-1590.2.";14513833
46;40;"Ermolova N, Guan L, and Kaback HR (2003) Intermolecular thiol cross-linking via loops in the lactose permease of Escherichia coli. Proc. Natl. Acad. Sci. U.S.A. 100: 10187-10192.";12934015
47;40;"Frillingos S, Sahin-Toth M, Wu JH, Kaback HR (1998) Cys-scanning mutagenesis: a novel approach to structure-function relationships in polytopic membrane proteins. FASEB J. 12: 1281-1299.";9761772
48;40;"Guan L, Murphy FD, and Kaback HR (2002) Surface-exposed positions in the transmembrane helices of the lactose permease of Escherichia coli determined by intermolecular thiol cross-linking. Proc. Natl. Acad. Sci. U.S.A. 99: 3475-3480.";11904412
49;40;"Kwaw I, Zen KC, Hu YL, and Kaback HR (2001) Site-directed sulfhydryl labeling of the lactose permease of Escherichia coli: Helices IV and V that contain the major determinants for substrate binding. Biochemistry 40: 10491-10499.";11523990
50;40;"Le Coutre J, Narasimhan LR, Patel CKN, and Kaback HR (1997) The lipid bilayer determines helical tilt angle and function in lactose permease of Escherichia coli. Proc. Nat. Acad. Sci. USA94: 10167-10171.";9294181
51;40;"Venkatesan P, Kwaw I, Hu YL, and Kaback HR (2000a) Site-directed sulfhydryl labeling of the lactose permease of Escherichia coli: Helix VII. Biochemistry 39: 10641-10648.";10978147
52;40;"Venkatesan P, Liu ZL, Hu YL, and Kaback HR (2000b) Site-directed sulfhydryl labeling of the lactose permease of Escherichia coli: N-ethylmaleimide-sensitive face of helix II. Biochemistry 39: 10649-10655.";10978148
53;40;"Venkatesan P, Hu YL, and Kaback HR (2000c) Site-directed sulfhydryl labeling of the lactose permease of Escherichia coli: Helix X. Biochemistry 39: 10656-10661.";10978149
54;40;"Voss J, He MM, Hubbell WL, and Kaback HR (1996) Site-directed spin labeling demonstrates that transmembrane domain XII in the lactose permease of Escherichia coli is an alpha-helix. Biochemistry 35: 12915-12918.";8841136
55;40;"Zhang W, Hu YL, and Kaback HR (2003) Site-directed sulfhydryl labeling of helix IX in the lactose permease of Escherichia coli. Biochemistry 42 (17): 4904-4908.";12718531
56;40;"Zhao M, Zen KC, Hernandez-Borrell J, Altenbach C, Hubbell WL, and Kaback HR (1999) Nitroxide scanning electron paramagnetic resonance of helices IV and V and the intervening loop in the lactose permease of Escherichia coli. Biochemistry 38: 15970-15977.";10625464
57;596;"Ermolova N, Guan L, and Kaback HR (2003) Intermolecular thiol cross-linking via loops in the lactose permease of Escherichia coli. Proc. Natl. Acad. Sci. U.S.A. 100: 10187-10192.";12934015
58;596;"Frillingos S, Sahin-Toth M, Wu JH, Kaback HR (1998) Cys-scanning mutagenesis: a novel approach to structure-function relationships in polytopic membrane proteins. FASEB J. 12: 1281-1299.";9761772
59;596;"Guan L, Murphy FD, and Kaback HR (2002) Surface-exposed positions in the transmembrane helices of the lactose permease of Escherichia coli determined by intermolecular thiol cross-linking. Proc. Natl. Acad. Sci. U.S.A. 99: 3475-3480.";11904412
60;596;"Kwaw I, Zen KC, Hu YL, and Kaback HR (2001) Site-directed sulfhydryl labeling of the lactose permease of Escherichia coli: Helices IV and V that contain the major determinants for substrate binding. Biochemistry 40: 10491-10499.";11523990
61;596;"Le Coutre J, Narasimhan LR, Patel CKN, and Kaback HR (1997) The lipid bilayer determines helical tilt angle and function in lactose permease of Escherichia coli. Proc. Nat. Acad. Sci. USA94: 10167-10171.";9294181
62;596;"Venkatesan P, Kwaw I, Hu YL, and Kaback HR (2000a) Site-directed sulfhydryl labeling of the lactose permease of Escherichia coli: Helix VII. Biochemistry 39: 10641-10648.";10978147
63;596;"Venkatesan P, Liu ZL, Hu YL, and Kaback HR (2000b) Site-directed sulfhydryl labeling of the lactose permease of Escherichia coli: N-ethylmaleimide-sensitive face of helix II. Biochemistry 39: 10649-10655.";10978148
64;596;"Venkatesan P, Hu YL, and Kaback HR (2000c) Site-directed sulfhydryl labeling of the lactose permease of Escherichia coli: Helix X. Biochemistry 39: 10656-10661.";10978149
65;596;"Voss J, He MM, Hubbell WL, and Kaback HR (1996) Site-directed spin labeling demonstrates that transmembrane domain XII in the lactose permease of Escherichia coli is an alpha-helix. Biochemistry 35: 12915-12918.";8841136
66;596;"Zhang W, Hu YL, and Kaback HR (2003) Site-directed sulfhydryl labeling of helix IX in the lactose permease of Escherichia coli. Biochemistry 42 (17): 4904-4908.";12718531
67;596;"Zhao M, Zen KC, Hernandez-Borrell J, Altenbach C, Hubbell WL, and Kaback HR (1999) Nitroxide scanning electron paramagnetic resonance of helices IV and V and the intervening loop in the lactose permease of Escherichia coli. Biochemistry 38: 15970-15977.";10625464
389;2;"Fernandez C, Hilty C, Wider G, and Wuthrich K (2002) Lipid-protein interactions in DHPC micelles containing the integral membrane protein OmpX investigated by NMR spectroscopy. Proc. Natl. Acad. Sci. U.S.A. 99: 13533-13537.";12370417
69;8;"Snijder HJ, Timmins PA, Kalk KH, and Dijkstra BW (2003) Detergent organization in crystals of monomeric outer membrane phospholipase A. J. Struct. Biol. 141: 122-131.";12615538
70;22;"Fanucci GE, Cadieux N, Piedmont CA, Kadner RJ, and Cafiso DS (2002) Structure and dynamics of the beta-barrel of the membrane by site-directed spin labeling. Biochemistry 41: 11543-11551.";12269798
71;164;"Hilger D, Jung H, Padan E, Wegener C, Vogel KP, Steinhoff HJ, and Jeschke G (2005) Assessing oligomerization of membrane proteins by four-pulse DEER: pH-dependent dimerization of NhaA Na+/H+ antiporter of E. coli. Biophys. J. 89: 1328-1338.";15894644
72;20;"Klug CS, Su WY, and Feix JB (1997) Mapping of the residues involved in a proposed beta-strand located in the ferric enterobactin receptor FepA using site-directed spin-labeling. Biochemistry 36: 13027-13033.";9335564
73;76;"Wegener AA, Chizhov I, Engelhard M, and Steinhoff HJ (2000) Time-resolved detection of transient movement of helix F in spin-labelled pharaonis sensory rhodopsin II. J. Mol. Biol. 301: 881-891.";10966793
74;92;"Chattopadhyay A, and McNamee MG (1991) Average membrane penetration depth of tryptophan residues of the nicotinic acetylcholine receptor by the parallax method. Biochemistry 30: 7159-7164.";1854727
75;1;"Kleinschmidt JH, and Tamm LK (1999) Time-resolved distance determination by tryptophan fluorescence quenching: Probing intermediates in membrane protein folding. Biochemistry38: 4996-5005.";10213602
76;1;"Ramakrishnan M, Qu J, Pocanschi CL, Kleinschmidt JH, and Marsh D (2005) Orientation of beta-barrel proteins OmpA and FhuA in lipid membranes. Chain length dependence from infrared dichroism. Biochemistry 44: 3515-3523.";15736961
77;27;"Raja SM, Rawat SS, Chattopadhyay A, and Lala AK (1999) Localization and environment of tryptophans in soluble and membrane-bound states of a pore-forming toxin from Staphylococcus aureus. Biophys. J. 76: 1469-1479.";10049328
78;162;"Arkin IT, Rothman M, Ludlam CFC, Aimoto S, Engelman DM, Rothschild KJ and Smith SO (1995) Structural model of the phospholamban ion channel complex in phospholipids membranes. J. Mol. Biol. 248: 824-834.";7752243
79;19;"Ramakrishnan M, Qu J, Pocanschi CL, Kleinschmidt JH, and Marsh D (2005) Orientation of beta-barrel proteins OmpA and FhuA in lipid membranes. Chain length dependence from infrared dichroism. Biochemistry 44: 3515-3523.";15736961
80;69;"Vonck J, von Nidda TK, Meier T, Matthey U, Mills DJ, Kuhlbrandt W, and Dimroth P (2002) Molecular architecture of the undecameric rotor of a bacterial Na+-ATP synthase. J. Mol. Biol.321: 307-316.";12144787
81;72;"Breyton C, Haase W, Rapoport TA, Kuhlbrandt W, and Collinson I (2002) Three-dimensional structure of the bacterial protein-translocation complex SecYEG. Nature 418: 662-665.";12167867
83;156;"Frazier AA, Roller CR, Havelka JJ, Hinderliter A, and Cafiso DS (2003) Membrane-bound orientation and position of the synaptotagmin IC2A domain by site-directed spin labeling Biochemistry 42: 96-105.";12515543
84;154;"Kohout SC, Corbalan-Garcia S, Gomez-Fernandez JC, and Falke JJ (2003) C2 domain of protein kinase C alpha: Elucidation of the membrane docking surface by site-directed fluorescence and spin labeling. Biochemistry42: 1254-1265.";12564928
85;153;"Malmberg NJ, Van Buskirk DR, and Falke JJ (2003) Membrane-docking loops of the cPLA2 C2 domain: Detailed structural analysis of the protein-membrane interface via site-directed spin-labeling Biochemistry 42: 13227-13240.";14609334
87;157;"Rufener E, Frazier AA, Wieser CM, Hinderliter A, and Cafiso DS (2005) Membrane-bound orientation and position of the synaptotagmin C2B domain determined by site-directed spin labeling. Biochemistry 44: 18-28.";15628842
88;535;"Bader R and Zerbe O (2005) Are hormones from the neuropeptide Y family recognized by their receptors from the membrane-bound state? Chembiochem. 6: 1520-1534.";16038001
197;324;"Clark GC, Briggs DC, Karasawa T, Wang X, Cole AR, Maegawa T, Jayasekera PN, Naylor CE, Miller J, Moss DS, Nakamura S, Basak AK, Titball RW. 2003. J Mol Biol. 333:759-69.";14568535
198;253;"Jepson M, Bullifent HL, Crane D, Flores-Diaz M, Alape-Giron A, Jayasekeera P, Lingard B, Moss D, Titball RW. 2001. Tyrosine 331 and phenylalanine 334 in Clostridium perfringens alpha-toxin are essential for cytotoxic activity.  FEBS Lett. 495:172-7.";11334886
90;454;"Lieutaud C, Nitschke W, Vermeglio A, Parot P, Schoepp-Cothenet B. 2003. HiPIP in Rubrivivax gelatinosus is firmly associated to the membrane in a conformation efficient for electron transfer towards the photosynthetic reaction centre. Biochim Biophys Acta";12615351
91;410;"Jung HJ, Lee JY, Kim SH, Eu YJ, Shin SY, Milescu M, Swartz KJ, Kim JI. 2005. Solution structure and lipid membrane partitioning of VSTx1, an inhibitor of the KvAP potassium channel. Biochemistry. 44: 6015-6023.";15835890
92;202;"Bak M, Bywater RP, Hohwy M, Thomsen JK, Adelhorst K, Jakobsen HJ, Sorensen OW, Nielsen NC. 2001. Conformation of alamethicin in oriented phospholipid bilayers determined by (15)N solid-state nuclear magnetic resonance.  Biophys J. 81: 1684-1698.";11509381
93;202;"Barranger-Mathys M and Cafiso DS. 1996. Membrane structure of voltage-gated channel forming peptides by site-directed spin-labeling. Biochemistry. 35: 498-505.";8555220
94;202;"Lewis JR and Cafiso DS . 1999. Correlation between the free energy of a channel-forming voltage-gated peptide and the spontaneous curvature of bilayer lipids. Biochemistry 38: 5932-5938.";10231547
95;567;"Abraham, T., Lewis, R.N., Hodges, R.S., and McElhaney, R.N. 2005. Isothermal titration calorimetry studies of the binding of the antimicrobial peptide gramicidin S to phospholipid bilayer membranes. Biochemistry. 44:11279-11285.";16101312
96;565;"Beschiaschvili, G., and Seelig, J. 1992. Peptide binding to lipid bilayers. Nonclassical hydrophobic effect and membrane-induced pK shifts. Biochemistry. 31:10044-10053.";1390763
97;334;"Hanakam, F., Gerisch, G., Lotz, S., Alt, T., and Seelig, A. 1996. Binding of hisactophilin I and II to lipid membranes is controlled by a pH-dependent myristoyl-histidine switch. Biochemistry. 35:11036-11044";8780505
98;390;"Kamimori, H., Hall, K., Craik, D.J., and Aguilar, M.I. 2005. Studies on the membrane interactions of the cyclotides kalata B1 and kalata B6 on model membrane systems by surface plasmon resonance. Anal. Biochem. 337:149-153.";15649388
99;220;"Maksymiw, R., Sui, S.F., Gaub, H., and Sackmann, E. 1987. Electrostatic coupling of spectrin dimers to phosphatidylserine containing lipid lamellae. Biochemistry. 26:2983-2990.";3607004
100;252;"Oldham, M.L., Brash, A.R., and Newcomer, M.E. 2005. Insights from the X-ray crystal structure of coral 8R-lipoxygenase: calcium activation via a C2-like domain and a structural basis of product chirality. J. Biol. Chem. 280:39545-39552.";16162493
101;453;"Ramakrishnan, M., Anbazhagan, V., Pratap, T.V., and Marsh, D., Swamy MJ. 2001. Membrane insertion and lipid-protein interactions of bovine seminal plasma protein PDC-109 investigated by spin-label electron spin resonance spectroscopy. Biophys. J. 81:2215-";11566792
102;379;"Schote, U., Ganz, P., Fahr, A., and Seelig, J. 2002. Interactions of cyclosporines with lipid membranes as studied by solid-state nuclear magnetic resonance spectroscopy and high-sensitivity titration calorimetry. J. Pharm. Sci. 91:856-867.";11920770
103;428;"Tsujita, T., and Brockman, H.L. 1987. Regulation of carboxylester lipase adsorption to surfaces. 1. Chemical specificity. Biochemistry. 26:8423-8429.";3442664
104;214;"Kostrzewa, A., Pali, T., Froncisz, W., and Marsh, D. 2000. Membrane location of spin-labeled cytochrome c determined by paramagnetic relaxation agents. Biochemistry. 39:6066-6074.";10821679
105;387;"Ramachandran R., Tweten, R.K., and Johnson, A.E. 2005. The domains of a cholesterol-dependent cytolysin undergo a major FRET-detected rearrangement during pore formation. Proc. Natl. Acad. Sci. U. S. A. 102:7139-7144.";15878993
253;293;"McCallum CD, Hapak RC, Neuenschwander PF, Morrissey JH, Johnson AE. 1996.  The location of the active site of blood coagulation factor VIIa above the membrane surface and its reorientation upon association with tissue factor. A fluorescence energy transfer study.  J Biol Chem. 271:28168-75.  ";8910432
107;295;"Mutucumarana, V.P., Duffy, E.J., Lollar, P., and Johnson, A.E. 1992. The active site of factor IXa is located far above the membrane surface and its conformation is altered upon association with factor VIIIa. A fluorescence study. J. Biol. Chem. 267:17012";1512240
108;296;"Yegneswaran, S., Wood, G.M., Esmon, C.T., and Johnson, A.E. 1997. Protein S alters the active site location of activated protein C above the membrane surface. A fluorescence resonance energy transfer study of topography. J. Biol. Chem. 272:25013-25021.";9312108
109;471;"Cheetham, J.J., Hilfiker, S., Benfenati, F., Weber, T., Greengard, P., and Czernik, A.J. 2001. Identification of synapsin I peptides that insert into lipid membranes. Biochem. J. 354 (Pt 1): 57-66.";11171079
110;512;"Chen, X., Wolfgang, D.E., and Sampson, N.S. 2000. Use of the parallax-quench method to determine the position of the active-site loop of cholesterol oxidase in lipid bilayers. Biochemistry. 39:13383-13389.";11063575
111;548;"Kropacheva, T.N., Salnikov, E.S., Nguyen, H.H., Reissmann, S., Yakimenko, Z.A., Tagaev, A.A., Ovchinnikova, T.V., and Raap, J. 2005. Membrane association and activity of 15/16-membered peptide antibiotics: zervamicin IIB, ampullosporin A and antiamoebin I";16084799
217;543;"Kropacheva TN, Salnikov ES, Nguyen HH, Reissmann S, Yakimenko ZA, Tagaev AA, Ovchinnikova TV, Raap J. 2005.  Membrane association and activity of 15/16-membered peptide antibiotics: zervamicin IIB, ampullosporin A and antiamoebin I.  Biochim Biophys Acta. 1715:6-18.";16084799
113;526;"Kutateladze, T., and Overduin, M. 2001. Structural mechanism of endosome docking by the FYVE domain. Science. 291:1793-1796.";11230696
114;326;"Gilbert, G.E., Kaufman, R.J., Arena, A.A., Miao, H., and Pipe, S.W. 2002. Four hydrophobic amino acids of the factor VIII C2 domain are constituents of both the membrane-binding and von Willebrand factor-binding motifs. J. Biol. Chem. 277:6374-6381.";11698391
115;325;"Peng, W., Quinn-Allen, M.A., and Kane, W.H. 2005. Mutation of hydrophobic residues in the factor Va C1 and C2 domains blocks membrane-dependent prothrombin activation. J. Thromb. Haemost. 3:351-354.";15670043
116;556;"Nguyen, L.T., Schibli, D.J., and Vogel, H.J. 2005. Structural studies and model membrane interactions of two peptides derived from bovine lactoferricin. J. Pept. Sci. 11:379-389.";15635665
200;137;"Campos, B., Mo, Y.D., Mealy, T.R., Li, C.W., Swairjo, M.A., Balch, C., Head, J.F., Retzinger, G., Dedman, J.R., and Seaton, B.A. 1998. Biochemistry. 37:8004-8010.";9609693
201;202;"Bechinger B, Skladnev DA, Ogrel A, Li X, Rogozhkina EV, Ovchinnikova TV, ONeil JD, Raap J. 2001. 15N and 31P solid-state NMR investigations on the orientation of zervamicin II and alamethicin in phosphatidylcholine membranes. Biochemistry. 40:9428-37.";11478913
118;236;"Isas, J.M., Langen, R., Hubbell, W.L., and Haigler, H.T. 2004. Structure and dynamics of a helical hairpin that mediates calcium-dependent membrane binding of annexin B12. J. Biol. Chem. 279:32492-32498.";15143059
119;561;"Thennarasu S, Lee DK, Poon A, Kawulka KE, Vederas JC, Ramamoorthy A. 2005. Membrane permeabilization, orientation, and antimicrobial mechanism of subtilosin A. Chem. Phys. Lipids. 137:38-51.";16095584
120;554;"Jao, C.C., Der-Sarkissian, A., Chen, J., and Langen, R. 2004. Structure of membrane-bound alpha-synuclein studied by site-directed spin labeling. Proc. Natl. Acad. Sci. U. S. A. 101:8331-8336.";15155902
121;131;"Marassi FM, Ma C, Gesell JJ, and Opella SJ. 2000. Three-dimensional solid-state NMR spectroscopy is essential for resolution of resonances from in-plane residues in uniformly (15)N-labeled helical membrane proteins in oriented lipid bilayers. J Magn Reson";10783286
122;131;"Matsuzaki K, Murase O, Tokuda H, Funakoshi S, Fujii N, and Miyajima K. 1994 Orientational and aggregational states of magainin 2 in phospholipid bilayers. Biochemistry. 33: 3342-3349.";8136371
123;131;"Wieprecht, T., Beyermann, M., and Seelig, J. 1999. Binding of antibacterial magainin peptides to electrically neutral membranes: thermodynamics and structure. Biochemistry.  38:10377-10387.";10441132
124;282;"Bollinger, J.G., Diraviyam, K., Ghomashchi, F., Murray, D., and Gelb, M.H. 2004. Interfacial binding of bee venom secreted phospholipase A2 to membranes occurs predominantly by a nonelectrostatic mechanism. Biochemistry. 43:13293-13304.";15491136
125;282;"Lin, Y., Nielsen, R., Murray, D., Hubbell, W.L., Mailer, C., Robinson, B.H., and Gelb, M.H. 1998. Docking phospholipase A2 on membranes using electrostatic potential-modulated spin relaxation magnetic resonance. Science. 279:1925-1929.";9506941
126;421;"Ben-Tal, N., Honig, B., Miller, C., and McLaughlin, S. 1997. Electrostatic binding of proteins to membranes. Theoretical predictions and experimental results with charybdotoxin and phospholipid vesicles. Biophys. J. 73:1717-1727.";9336168
127;278;"Bezzine, S., Bollinger, J.G., Singer, A.G., Veatch, S.L., Keller, S.L., and Gelb, M.H. 2002. On the binding preference of human groups IIA and X phospholipases A2 for membranes with anionic phospholipids. J Biol Chem. 277:48523-48534.";12244093
128;281;"Bezzine, S., Bollinger, J.G., Singer, A.G., Veatch, S.L., Keller, S.L., and Gelb, M.H. 2002. On the binding preference of human groups IIA and X phospholipases A2 for membranes with anionic phospholipids. J Biol Chem. 277:48523-48534.";12244093
129;262;"Stahelin, R.V., and Cho, W. 2001. Differential roles of ionic, aliphatic, and aromatic residues in membrane-protein interactions: a surface plasmon resonance study on phospholipases A2. Biochemistry. 40:4672-4678.";11294634
130;255;"Stahelin, R.V., and Cho, W. 2001. Differential roles of ionic, aliphatic, and aromatic residues in membrane-protein interactions: a surface plasmon resonance study on phospholipases A2. Biochemistry. 40:4672-4678.";11294634
131;153;"Stahelin, R.V., and Cho, W. 2001. Differential roles of ionic, aliphatic, and aromatic residues in membrane-protein interactions: a surface plasmon resonance study on phospholipases A2. Biochemistry. 40:4672-4678.";11294634
132;325;"Koppaka, V., and Lentz, B.R. 1996. Binding of bovine factor Va to phosphatidylcholine membranes. Biophys. J. 70:2930-2937.";8744331
133;461;"Feng, J., Bradley, W.D., and Roberts, M.F. 2003. Optimizing the interfacial binding and activity of a bacterial phosphatidylinositol-specific phospholipase C. J. Biol. Chem. 278:24651-24657.";12714598
134;535;"Thomas, L., Scheidt, H.A., Bettio, A., Huster, D., Beck-Sickinger, A.G., Arnold, K., and Zschornig, O. 2005. Membrane interaction of neuropeptide Y detected by EPR and NMR spectroscopy. Biochim. Biophys. Acta. 1714:103-113.";16095559
135;159;"Stahelin, R.V., Burian, A., Bruzik, K.S., Murray, D., and Cho, W. 2003. Membrane binding mechanisms of the PX domains of NADPH oxidase p40phox and p47phox. J. Biol. Chem. 278:14469-14479.";12556460
136;431;"Batenburg, A.M., Bougis, P.E., Rochat, H., Verkleij, A.J., and de Kruijff, B. 1985. Penetration of a cardiotoxin into cardiolipin model membranes and its implications on lipid organization. Biochemistry. 24:7101-7110.";4084565
137;437;"Huang, W.N., Sue, S.C., Wang, D.S., Wu, P.L., and Wu, W.G. 2003. Peripheral binding mode and penetration depth of cobra cardiotoxin on phospholipid membranes as studied by a combined FTIR and computer simulation approach. Biochemistry. 42:7457-7466.";12809502
138;436;"Dubovskii, P.V., Dementieva, D.V., Bocharov, E.V., Utkin, Y.N., and Arseniev, A.S. 2001. Membrane binding motif of the P-type cardiotoxin. J. Mol. Biol. 305:137-149.";11114253
139;329;"Anderluh, G., Razpotnik, A., Podlesek, Z., Macek, P., Separovic, F., and Norton, R.S. 2005. Interaction of the eukaryotic pore-forming cytolysin equinatoxin II with model membranes: 19F NMR studies. J. Mol. Biol. 347:27-39.";15733915
140;409;"Phillips, L.R., Milescu, M., Li-Smerin, Y., Mindell, J.A., Kim, J.I., and Swartz, K.J. 2005. Voltage-sensor activation with a tarantula toxin as cargo. Nature. 436:857-860.";16094370
307;573;"Hsu ST, Breukink E, de Kruijff B, Kaptein R, Bonvin AM, van Nuland NA. 	2002. Mapping the targeted membrane pore formation mechanism by solution NMR: the nisin Z and lipid II interaction in SDS micelles. Biochemistry. 41: 7670-6.";12056898
366;493;"Hedin EM, Hoyrup P, Patkar SA, Vind J, Svendsen A, Hult K. 2005. Implications of surface charge and curvature for the binding orientation of Thermomyces lanuginosus lipase on negatively charged or zwitterionic phospholipid vesicles as studied by ESR spectroscopy. Biochemistry. 44: 16658-16671.";16342956
186;509;"Wu CK, Dailey HA, Rose JP, Burden A, Sellers VM, Wang BC. 2001. The 2.0 A structure of human ferrochelatase, the terminal enzyme of heme biosynthesis. Nat Struct Biol. 8:156-60.";11175906
144;293;" Zwaal RF, Comfurius P, Bevers EM. 1998. Lipid-protein interactions in blood coagulation. Biochim Biophys Acta. 1376:433-453.";9805008
145;296;" Zwaal RF, Comfurius P, Bevers EM. 1998. Lipid-protein interactions in blood coagulation. Biochim Biophys Acta. 1376:433-453.";9805008
146;294;"Zwaal RF, Comfurius P, Bevers EM. 1998. Lipid-protein interactions in blood coagulation. Biochim Biophys Acta. 1376:433-453.";9805008
147;366;"Storch J and Thumser AE. 2000. The fatty acid transport function of fatty acid-binding proteins. Biochim Biophys Acta. 1486:28-44.";10856711
148;367;"Storch J and Thumser AE. 2000. The fatty acid transport function of fatty acid-binding proteins. Biochim Biophys Acta. 1486:28-44.";10856711
149;364;"Storch J and Thumser AE. 2000. The fatty acid transport function of fatty acid-binding proteins. Biochim Biophys Acta. 1486:28-44.";10856711
150;370;"Storch J and Thumser AE. 2000. The fatty acid transport function of fatty acid-binding proteins. Biochim Biophys Acta. 1486:28-44.";10856711
151;371;"Storch J and Thumser AE. 2000. The fatty acid transport function of fatty acid-binding proteins. Biochim Biophys Acta. 1486:28-44.";10856711
152;372;"Storch J and Thumser AE. 2000. The fatty acid transport function of fatty acid-binding proteins. Biochim Biophys Acta. 1486:28-44.";10856711
153;373;"Storch J and Thumser AE. 2000. The fatty acid transport function of fatty acid-binding proteins. Biochim Biophys Acta. 1486:28-44.";10856711
154;374;"Storch J and Thumser AE. 2000. The fatty acid transport function of fatty acid-binding proteins. Biochim Biophys Acta. 1486:28-44.";10856711
155;375;"Storch J and Thumser AE. 2000. The fatty acid transport function of fatty acid-binding proteins. Biochim Biophys Acta. 1486:28-44.";10856711
156;365;"Storch J and Thumser AE. 2000. The fatty acid transport function of fatty acid-binding proteins. Biochim Biophys Acta. 1486:28-44.";10856711
157;369;"Storch J and Thumser AE. 2000. The fatty acid transport function of fatty acid-binding proteins. Biochim Biophys Acta. 1486:28-44.";10856711
158;368;"Storch J and Thumser AE. 2000. The fatty acid transport function of fatty acid-binding proteins. Biochim Biophys Acta. 1486:28-44.";10856711
159;377;"Storch J and Thumser AE. 2000. The fatty acid transport function of fatty acid-binding proteins. Biochim Biophys Acta. 1486:28-44.";10856711
160;362;"Storch J and Thumser AE. 2000. The fatty acid transport function of fatty acid-binding proteins. Biochim Biophys Acta. 1486:28-44.";10856711
161;363;"Storch J and Thumser AE. 2000. The fatty acid transport function of fatty acid-binding proteins. Biochim Biophys Acta. 1486:28-44.";10856711
162;360;"Storch J and Thumser AE. 2000. The fatty acid transport function of fatty acid-binding proteins. Biochim Biophys Acta. 1486:28-44.";10856711
163;361;"Storch J and Thumser AE. 2000. The fatty acid transport function of fatty acid-binding proteins. Biochim Biophys Acta. 1486:28-44.";10856711
164;362;"Thumser AE and Storch J. 2000. Liver and intestinal fatty acid-binding proteins obtain fatty acids from phospholipid membranes by different mechanisms. J Lipid Res. 41:647-656.";10744786
165;363;"Thumser AE and Storch J. 2000. Liver and intestinal fatty acid-binding proteins obtain fatty acids from phospholipid membranes by different mechanisms. J Lipid Res. 41:647-656.";10744786
166;49;"Roth M, Lewit-Bentley MH, Deisenhofer J, Huber R, and Oesterhelt D (1989) Detergent structure in crystals of a bacterial photosynthetic reaction center. Nature 340: 659-662.";0
167;239;"Spencer AG, Thuresson E, Otto JC, Song I, Smith T, DeWitt DL, Garavito RM, Smith WL. 1999 The membrane binding domains of prostaglandin endoperoxide H synthases 1 and 2. Peptide mapping and mutational analysis. J Biol Chem. 274: 32936-32942.";10551860
169;150;"Stahelin RV, Long F, Peter BJ, Murray D, De Camilli P, McMahon HT, Cho W.
Contrasting membrane interaction mechanisms of AP180 N-terminal homology (ANTH) 
and epsin N-terminal homology (ENTH) domains.
J. Biol. Chem. 2003 Aug 1;278(31):28993-9.";12740367
170;251;"Walter M, Wiener R, and Kuhn H. 2004. Investigations into calcium-dependent membrane association of 15-lipoxygenase-1. J. Biol. Chem., 279: 3717-3725.";14594811
171;132;"Macedo-Ribeiro S, Bode W, Huber R, Quinn-Allen MA, Kim SW, Ortel TL, Bourenkov GP, Bartunik HD, Stubbs MT, Kane WH, Fuentes-Prior P. 	Crystal structures of the membrane-binding C2 domain of human coagulation factor V.  Nature. 1999 Nov 25;402(6760):434-9.";10586886
325;142;"Mosbahi K, Walker D, James R, Moore GR, Kleanthous C. 2006. Global structural rearrangement of the cell penetrating ribonuclease colicin E3 on interaction with phospholipid membranes Protein Sci. 15: 620-627. ";9211750
173;459;"Akiba T, Nishio M, Matsui I, Harata K. 2004. X-ray structure of a membrane-bound beta-glycosidase from the hyperthermophilic archaeon Pyrococcus horikoshii. Proteins. 57(2):422-31.";15340929
175;522;"Openshaw AE, Race PR, Monzo HJ, Vazquez-Boland JA, Banfield MJ. 2005. Crystal structure of SmcL, a bacterial neutral sphingomyelinase C from Listeria.  J Biol Chem. 280:35011-7.  
";16093240
176;603;"Osborne AR, Clemons WM Jr, Rapoport TA. 2004. A large conformational change of the translocation ATPase SecA. Proc Natl Acad Sci U S A. 101:10937-42.";15256599
177;140;"Mao Y, Nickitenko A, Duan X, Lloyd TE, Wu MN, Bellen H, Quiocho FA. 2000. Crystal structure of the VHS and FYVE tandem domains of Hrs, a protein involved in membrane trafficking and signal transduction.  Cell. 100:447-56.";10693761
178;526;"Brunecky R, Lee S, Rzepecki PW, Overduin M, Prestwich GD, Kutateladze AG, Kutateladze TG. 2005. Investigation of the binding geometry of a peripheral membrane protein. Biochemistry. 2005 44:16064-71.";16331966
179;356;"Tesmer VM, Kawano T, Shankaranarayanan A, Kozasa T, Tesmer JJ. 2005.  Snapshot of activated G proteins at the membrane: the Galphaq-GRK2-Gbetagamma complex.Science. 310:1686-90.";16339447
180;160;"Blatner NR, Stahelin RV, Diraviyam K, Hawkins PT, Hong W, Murray D, Cho W. 2004.  The molecular basis of the differential subcellular localization of FYVE domains. J Biol Chem. 279:53818-27.";15452113
181;140;"Blatner NR, Stahelin RV, Diraviyam K, Hawkins PT, Hong W, Murray D, Cho W. 2004. The molecular basis of the differential subcellular localization of FYVE domains.  J Biol Chem. 279:53818-27.";15452113
182;383;"Giehl A, Lemm T, Bartelsen O, Sandhoff K, Blume A. 1999. Interaction of the GM2-activator protein with phospholipid-ganglioside bilayer membranes and with monolayers at the air-water interface. Eur J Biochem. 261:650-8.";10215880
183;384;"Giehl A, Lemm T, Bartelsen O, Sandhoff K, Blume A. 1999. Interaction of the GM2-activator protein with phospholipid-ganglioside bilayer membranes and with monolayers at the air-water interface. Eur J Biochem. 261:650-8.";10215880
184;410;"Jung HJ, Kim PI, Lee SK, Lee CW, Eu YJ, Lee DG, Earm YE, Kim JI. 2006. Lipid membrane interaction and antimicrobial activity of GsMTx-4, an inhibitor of mechanosensitive channel.Biochem Biophys Res Commun. 340:633-8.";16376854
185;214;"Pinheiro TJ, Watts A. 1994.  Lipid specificity in the interaction of cytochrome c with anionic phospholipid bilayers revealed by solid-state 31P NMR.  Biochemistry. 33:2451-8.";8117705
187;597;"Im YJ, Raychaudhuri S, Prinz WA, Hurley JH. 2005. Structural mechanism for sterol sensing and transport by OSBP-related proteins.  Nature. 437:154-8.";16136145
188;385;"Xu L, Benson SD, Butcher SJ, Bamford DH, Burnett RM. 2003. The receptor binding protein P2 of PRD1, a virus targeting antibiotic-resistant bacteria, has a novel fold suggesting multiple functions. Structure. 11:309-22.";12623018
189;224;"Ahn VE, Faull KF, Whitelegge JP, Fluharty AL, Prive GG. 2003. Crystal structure of saposin B reveals a dimeric shell for lipid binding.Proc Natl Acad Sci U S A. 100:38-43.";12518053
190;598;"Zhang J, Osslund TD, Plant MH, Clogston CL, Nybo RE, Xiong F, Delaney JM, Jordan SR. 2005 Crystal structure of murine 11 beta-hydroxysteroid dehydrogenase 1: an important therapeutic target for diabetes. Biochemistry. 44:6948-57.";15865440
191;130;"Bracey MH, Hanson MA, Masuda KR, Stevens RC, Cravatt BF. 2002. Structural adaptations in a membrane enzyme that terminates endocannabinoid signaling. Science. 298:1793-6.";12459591
193;241;"Thoma R, Schulz-Gasch T, DArcy B, Benz J, Aebi J, Dehmlow H, Hennig M, Stihle M, Ruf A. 2004. Insight into steroid scaffold formation from the structure of human oxidosqualene cyclase. Nature 432:118-22.";15525992
195;493;"Hedin EM, Hoyrup P, Patkar SA, Vind J, Svendsen A, Fransson L, Hult K. 2002. Interfacial orientation of Thermomyces lanuginosa lipase on phospholipid vesicles investigated by electron spin resonance relaxation spectroscopy.  Biochemistry. 41:14185-96.";12450382
199;579;"Jepson M, Bullifent HL, Crane D, Flores-Diaz M, Alape-Giron A, Jayasekeera P, Lingard B, Moss D, Titball RW. 2001. Tyrosine 331 and phenylalanine 334 in Clostridium perfringens alpha-toxin are essential for cytotoxic activity. FEBS Lett. 495:172-7.";11334886
202;543;"Bechinger B, Skladnev DA, Ogrel A, Li X, Rogozhkina EV, Ovchinnikova TV, ONeil JD, Raap J. 2001. 15N and 31P solid-state NMR investigations on the orientation of zervamicin II and alamethicin in phosphatidylcholine membranes. Biochemistry. 40:9428-37.";11478913
204;541;"Szolajska, E.,  Poznanski, J.,  Ferber, M.L.,  Michalik, J.,  Gout, E.,  Fender, P.,  Bailly, I.,  Dublet, B.,  Chroboczek, J.   Poneratoxin, a neurotoxin from ant venom.  Eur.J.Biochem.   v271   pp.2127-2136  , 2004.";15153103
205;402;"Daly, N.L.,  Ekberg, J.A.,  Thomas, L.,  Adams, D.J.,  Lewis, R.J.,  Craik, D.J.   Structures of muO-conotoxins from Conus marmoreus.  J.Biol.Chem.   v279   pp.25774-25782  , 2004 .";15044438
207;330;"Alvarez C, Casallanovo F, Shida CS, Nogueira LV, Martinez D, Tejuca M, Pazos IF, Lanio ME, Menestrina G, Lissi E, Schreier S. 2003. Binding of sea anemone pore-forming toxins sticholysins I and II to interfaces. Chem Phys Lipids. 122:97-105.";12598041
328;329;"Hong Q, Gutierrez-Aguirre I, Barlic A, Malovrh P, Kristan K, Podlesek Z, Macek P, Turk D, Gonzalez-Manas JM, Lakey JH, Anderluh G. 2002. Two-step membrane binding by Equinatoxin II, a pore-forming toxin from the sea anemone, involves an exposed aromatic cluster and a flexible helix. J Biol Chem. 277: 41916-41924.";12198118
306;573;"Hsu ST, Breukink E, Tischenko E, Lutters MA, de Kruijff B, Kaptein R, Bonvin AM, van Nuland NA. 2004. The nisin-lipid II complex reveals a pyrophosphate cage that provides a blueprint for novel antibiotics. Nat Struct Mol Biol. 11: 963-7. ";15361862
305;573;"Van Den Hooven HW, Spronk CA, Van De Kamp M, Konings RN, Hilbers CW, Van De Van FJ. 1996. Surface location and orientation of the lantibiotic nisin bound to membrane-mimicking micelles of dodecylphosphocholine and of sodium dodecylsulphate. Eur J Biochem. 235: 394-403.";8631359
213;69;"Murata, T., Yamato, I., Kakinuma, Y., Leslie, A.G.W., and Walker, J.E. 2005.";15802565
215;27;"Galdiero S, Gouaux E. 2004. Protein Sci. 13:1503-1511.";15152085
216;161;"Wang QJ, Fang TW, Nacro K, Marquez VE, Wang S, Blumberg PM. 2001. Role of hydrophobic residues in the C1b domain of protein kinase C delta on ligand and phospholipid interactions. J Biol Chem. 276:19580-7.";11278612
218;379;"Wuthrich K, von Freyberg B, Weber C, Wider G, Traber R, Widmer H, Braun W. 1991. Receptor-induced conformation change of the immunosuppressant cyclosporin A. Science 254:953-954.  ";1948082
219;278;"Canaan S, Nielsen R, Ghomashchi F, Robinson BH, Gelb MH. 2002.  Unusual mode of binding of human group IIA secreted phospholipase A2 to anionic interfaces as studied by continuous wave and time domain electron paramagnetic resonance spectroscopy. J Biol Chem. 277:30984-90.  ";12039961
220;281;"Pan YH, Yu BZ, Singer AG, Ghomashchi F, Lambeau G, Gelb MH, Jain MK, Bahnson BJ. 2002.  Crystal structure of human group X secreted phospholipase A2. Electrostatically neutral interfacial surface targets zwitterionic membranes.
  J Biol Chem. 277:29086-93.";12161451
221;262;"Tatulian SA. 2002.  Quantitative characterization of membrane binding of peripheral proteins by spin-label EPR spectroscopy.  J. Phys. Chem. B106: 8870-8877.  ";0
222;153;"Bittova L, Sumandea M, Cho W. 	1999. A structure-function study of the C2 domain of cytosolic phospholipase A2. Identification of essential calcium ligands and hydrophobic membrane binding residues.  J Biol Chem. 274:9665-72. ";10092653
223;214;"Domanov YA, Molotkovsky JG, Gorbenko GP. 2005.  Coverage-dependent changes of cytochrome c transverse location in phospholipid membranes revealed by FRET. Biochim Biophys Acta. 1716:49-58.  ";16183372
224;34;"Bass, R.B., Strop, P., Barclay, M., and Rees, D.C. 2002. Crystal structure of  Escherichia coli MscS, a voltage-modulated and mechanosensitive channel. Science 298: 1582â€“1587.";12446901
225;34;"Akitake B, Anishkin A, Sukharev S. 2005. The ""dashpot"" mechanism of stretch-dependent gating in MscS.  J Gen Physiol. 125:143-5. ";15657299
226;204;"Ubarretxena-Belandia I, Tate CG. 2004. New insights into the structure and oligomeric state of the bacterial multidrug transporter EmrE: an unusual asymmetric homo-dimer. FEBS Lett. 564:234-8.";15111102
227;204;"Butler PJ, Ubarretxena-Belandia I, Warne T, Tate CG. 2004. The Escherichia coli multidrug transporter EmrE is a dimer in the detergent-solubilised state. J Mol Biol. 340:797-80.";15223321
228;74;"Cuello LG, Cortes DM, Perozo E. 2004. Molecular architecture of the KvAP voltage-dependent K+ channel in a lipid bilayer. Science. 306:491-5.";15486302
229;74;"Mackinnon R. 2004. Structural biology. Voltage sensor meets lipid membrane. Science. 306:1304-5.";15550651
230;180;"Cuello LG, Cortes DM, Perozo E. 2004. Molecular architecture of the KvAP voltage-dependent K+ channel in a lipid bilayer. Science. 306:491-5.";15486302
231;180;"Mackinnon R. 2004. Structural biology. Voltage sensor meets lipid membrane. Science. 306:1304-5.";15550651
232;576;"Jung D, Rozek A, Okon M, Hancock RE. 	2004. Structural transitions as determinants of the action of the calcium-dependent antibiotic daptomycin. Chem Biol. 11:949-57. ";15271353
233;576;"Lakey JH, Ptak M. 1988.	Fluorescence indicates a calcium-dependent interaction between the lipopeptide antibiotic   LY146032 and phospholipid membranes. Biochemistry. 27:4639-4.";2844233
234;576;"Baltz RH, Miao V, Wrigley SK. 	2005. Natural products to drugs: daptomycin and related lipopeptide antibiotics.  Nat Prod Rep. 22:717-41.  ";16311632
235;511;"Yamada T, Komoto J, Watanabe K, Ohmiya Y, Takusagawa F. 2005. Crystal structure and possible catalytic mechanism of  microsomal prostaglandin E synthase type 2 (mPGES-2). J Mol Biol. 348:1163-76.  ";15854652
236;214;"Rytomaa M, Kinnunen PK.  1995. Reversibility of the binding of cytochrome c to liposomes. Implications for lipid-protein interactions. J Biol Chem. 270:3197-202. ";7852404
237;214;"Brown LR, Wuthrich K. 1977. NMR and ESR studies of the interactions of cytochrome c with mixed cardiolipin-phosphatidylcholine vesicles. Biochim Biophys Acta. 468:389-410. ";195609
238;160;"Diraviyam K, Stahelin RV, Cho W, Murray D. 2003. Computer modeling of the membrane interaction of FYVE domains. J Mol Biol. 328:721-36.";12706728
239;526;"Diraviyam K, Stahelin RV, Cho W, Murray D. 2003. Computer modeling of the membrane interaction of FYVE domains. J Mol Biol. 328:721-36.";12706728
240;140;"Diraviyam K, Stahelin RV, Cho W, Murray D. 2003. Computer modeling of the membrane interaction of FYVE domains. J Mol Biol. 328:721-36.";12706728
241;158;"Singh SM, Murray D. 2003. Molecular modeling of the membrane targeting of phospholipase C pleckstrin homology domains. Protein Sci. 12:1934-53.";12930993
242;239;"Nina M, Berneche S, Roux B. 2000. Anchoring of a monotopic membrane protein: the binding of prostaglandin H2 synthase-1 to the surface of a phospholipid bilayer. Eur Biophys J. 29:439-54.";11081405
243;614;"Karathanassis D, Stahelin RV, Bravo J, Perisic O, Pacold CM, Cho W, Williams RL. 2002.Binding of the PX domain of p47(phox) to phosphatidylinositol 3,4-bisphosphate and phosphatidic acid is masked by an intramolecular interaction. EMBO J. 21:5057-68.  ";12356722
244;614;"Stahelin RV, Burian A, Bruzik KS, Murray D, Cho W. 2003.  Membrane binding mechanisms of the PX domains of NADPH oxidase p40phox and p47phox.  J Biol Chem. 278(16):14469-79. ";12556460
245;615;"Karathanassis D, Stahelin RV, Bravo J, Perisic O, Pacold CM, Cho W, Williams RL. 2002. Binding of the PX domain of p47(phox) to phosphatidylinositol 3,4-bisphosphate and phosphatidic acid is masked by an intramolecular interaction. EMBO J. 21:5057-68.  ";12356722
246;556;"Hwang P.M., Zhou N., Shan X., Arrowsmith C.H., Vogel H.J. 1998. Three-dimensional solution structure of lactoferricin B, an antimicrobial peptide derived from bovine lactoferrin.  Biochemistry 37:4288-4298(1998). ";9521752
247;615;"Stahelin RV, Burian A, Bruzik KS, Murray D, Cho W. 2003. Membrane binding mechanisms of the PX domains of NADPH oxidase p40phox and p47phox. J Biol Chem. 278:14469-79.";12556460
248;475;"Rydel TJ, Williams JM, Krieger E, Moshiri F, Stallings WC, Brown SM, Pershing JC, Purcell JP, Alibhai MF. 2003.  The crystal structure, mutagenesis, and activity studies reveal that patatin is a lipid acyl hydrolase with a Ser-Asp catalytic dyad. Biochemistry. 42:6696-708.";12779324
249;560;"Bellomio A, Oliveira RG, Maggio B, Morero RD. 2005. Penetration and interactions of the antimicrobial peptide, microcin J25, into uncharged phospholipid monolayers. J Colloid Interface Sci. 285:118-24.";15797404
250;560;"Rintoul MR, de Arcuri BF, Morero RD. 2000. Effects of the antibiotic peptide microcin J25 on liposomes: role of acyl chain length and negatively charged phospholipid.  Biochim Biophys Acta. 1509:65-72. ";11118518
251;214;"Rietveld A, Sijens P, Verkleij AJ, Kruijff BD. 1983.  Interaction of cytochrome c and its precursor
apocytochrome c with various phospholipids.  EMBO J. 2:907-913.";16453458
252;214;"Sankaram MB and Marsh D. 1993. Protein-lipid interactions with peripheral membrane proteins. In: Protein-lipid interactions (Ed. A. Watts), Elsevier, 1993, pp. 127-162.";0
254;613;"Lakey JH, Ptak M. 1988. Fluorescence indicates a calcium-dependent interaction between the lipopeptide antibiotic LY146032 and phospholipid membranes. Biochemistry. 27:4639-45.";2844233
255;613;"Jung D, Rozek A, Okon M, Hancock RE. 2004. Structural transitions as determinants of the action of the calcium-dependent antibiotic daptomycin. Chem Biol. 11:949-57.";15271353
256;255;"Sumandea M, Das S, Sumandea C, Cho W. 	1999. Roles of aromatic residues in high interfacial activity of Naja naja atra phospholipase A2. Biochemistry. 38:16290-7. ";10587453
257;618;"Das S, Cho W. 2002.  Roles of catalytic domain residues in interfacial binding and activation of group IV cytosolic phospholipase A2. J Biol Chem. 277:23838-46. ";11956215
258;132;"Kim SW, Quinn-Allen MA, Camp JT, Macedo-Ribeiro S, Fuentes-Prior P, Bode W, Kane WH. 2000. Identification of functionally important amino acid residues within the C2-domain of human factor V using alanine-scanning mutagenesis.  Biochemistry. 39:1951-8. ";10684644
400;1396;"NMR structural determinants of eosinophil cationic protein binding to membrane and heparin mimetics.  GarcÃ­a-Mayoral MF, Moussaoui M, de la Torre BG, Andreu D, Boix E, NoguÃ©s MV, Rico M, Laurents DV, Bruix M.  Biophys J. 2010 Jun 2;98(11):2702-11";20513415
260;262;"Lathrop B, Gadd M, Biltonen RL, Rule GS. 2001. Changes in Ca2+ affinity upon activation of Agkistrodon piscivorus piscivorus phospholipase A2.  Biochemistry. 40:3264-72.";11258945
261;317;"Corbalan-Garcia S, Sanchez-Carrillo S, Garcia-Garcia J, Gomez-Fernandez JC. 2003. Characterization of the membrane binding mode of the C2 domain of PKC epsilon. Biochemistry. 42:11661-8.";14529276
262;179;"Snijder HJ, Timmins PA, Kalk KH, and Dijkstra BW (2003) Detergent organization in crystals of monomeric outer membrane phospholipase A. J. Struct. Biol. 141: 122-131.";12615538
263;387;"Nakamura M, Sekino-Suzuki N, Mitsui K, Ohno-Iwashita Y. 1998. Contribution of tryptophan residues to the structural changes in perfringolysin O during interaction with liposomal membranes. J Biochem (Tokyo). 123: 1145-55.";9604004
264;387;"Sekino-Suzuki N, Nakamura M, Mitsui KI, Ohno-Iwashita Y. 1996. Contribution of individual tryptophan residues to the structure and activity of theta-toxin (perfringolysin O), a cholesterol-binding cytolysin. Eur J Biochem. 241: 941-7.";8944786
265;154;"Stahelin RV, Cho W. 2001. Roles of calcium ions in the membrane binding of C2 domains. Biochem J. 359:679-85.";11672443
266;618;"Stahelin RV, Cho W. 2001. Roles of calcium ions in the membrane binding of C2 domains. Biochem J. 359:679-85.";11672443
267;153;"Nalefski EA, Wisner MA, Chen JZ, Sprang SR, Fukuda M, Mikoshiba K, Falke JJ. 2001. C2 domains from different Ca2+ signaling pathways display functional and mechanistic diversity. Biochemistry. 40:3089-100.";11258923
268;320;"Johnson JE, Cornell RB. 1999. Amphitropic proteins: regulation by reversible membrane interactions (review). Mol Membr Biol. 16:217-35.";10503244
269;320;"Nalefski EA, Wisner MA, Chen JZ, Sprang SR, Fukuda M, Mikoshiba K, Falke JJ. 2001. C2 domains from different Ca2+ signaling pathways display functional and mechanistic diversity. Biochemistry. 40:3089-100.";11258923
270;156;"Nalefski EA, Wisner MA, Chen JZ, Sprang SR, Fukuda M, Mikoshiba K, Falke JJ. 2001. C2 domains from different Ca2+ signaling pathways display functional and mechanistic diversity. Biochemistry. 40:3089-100.";11258923
271;632;"Das S, Dixon JE, Cho W. 2003.  Membrane-binding and activation mechanism of PTEN. Proc Natl Acad Sci U S A. 100:7491-6.";12808147
272;154;"Stahelin RV, Rafter JD, Das S, Cho W. 2003. The molecular basis of differential subcellular localization of C2 domains of protein kinase C-alpha and group IVa cytosolic phospholipase A2.  J Biol Chem. 278:12452-60. ";12531893
273;158;"Wang T, Pentyala S, Rebecchi MJ, Scarlata S. 1999.  Differential association of the pleckstrin homology domains of phospholipases C-beta 1, C-beta 2, and C-delta 1 with lipid bilayers and the beta gamma subunits of heterotrimeric G
proteins. Biochemistry 38:1517-24.";9931017
274;621;"Johnson JE, Cornell RB. 1999. Amphitropic proteins: regulation by reversible membrane interactions (review). Mol Membr Biol. 16:217-35.";10503244
275;460;"Ananthanarayanan B, Das S, Rhee SG, Murray D, Cho W. 2002. Membrane targeting of C2 domains of phospholipase C-delta isoforms. J Biol Chem. 277:3568-75.";11706040
276;629;"Giehl A, Lemm T, Bartelsen O, Sandhoff K, Blume A. 1999. Interaction of the GM2-activator protein with phospholipid-ganglioside bilayer membranes and with monolayers at the air-water interface. Eur J Biochem. 261:650-8.";10215880
277;628;"Giehl A, Lemm T, Bartelsen O, Sandhoff K, Blume A. 1999. Interaction of the GM2-activator protein with phospholipid-ganglioside bilayer membranes and with monolayers at the air-water interface. Eur J Biochem. 261:650-8.";10215880
278;648;"Kim YT, Muramatsu T, Takahashi K. 1995. Identification of Trp300 as an important residue for Escherichia coli leader peptidase activity. Eur J Biochem. 234:358-62.";8529665
327;616;"Ahn KW, Sampson NS. 2004. Cholesterol oxidase senses subtle changes in lipid bilayer structure. Biochemistry. 43: 827-836.";14730988
281;196;"Vandenbussche G, Clercx A, Curstedt T, Johansson J, Jornvall H, Ruysschaert JM. 1992. Structure and orientation of the surfactant-associated protein C in a lipid bilayer. Eur J Biochem. 203:201-9.";1730226
282;641;"Murray D, McLaughlin S, Honig B. 2001. The role of electrostatic interactions in the regulation of the membrane association of G protein beta gamma heterodimers.  J Biol Chem. 276:45153-9.";11557749
283;641;"Gaudet R, Savage JR, McLaughlin JN, Willardson BM, Sigler PB. 1999. A molecular mechanism for the phosphorylation-dependent regulation of heterotrimeric G proteins by phosducin. Mol Cell. 3:649-60.";10360181
284;642;"Gaudet R, Savage JR, McLaughlin JN, Willardson BM, Sigler PB. 1999. A molecular mechanism for the phosphorylation-dependent regulation of heterotrimeric G proteins by phosducin. Mol Cell. 3:649-60.";10360181
285;643;"Gaudet R, Savage JR, McLaughlin JN, Willardson BM, Sigler PB. 1999. A molecular mechanism for the phosphorylation-dependent regulation of heterotrimeric G proteins by phosducin. Mol Cell. 3:649-60.";10360181
286;262;"Diraviyam K, Murray D. 2006. Computational analysis of the membrane association of group IIA secreted phospholipases A2: a differential role for electrostatics. Biochemistry. 45:2584-98.";16489752
287;278;"Diraviyam K, Murray D. 2006. Computational analysis of the membrane association of group IIA secreted phospholipases A2: a differential role for electrostatics. Biochemistry. 45:2584-98.";16489752
288;278;"Zhou F, Schulten K. 1996. Molecular dynamics study of phospholipase A2 on a membrane surface. Proteins. 25:12-27.";8727316
289;647;"Paetzel M, Goodall JJ, Kania M, Dalbey RE, Page MG. 2004. Crystallographic and biophysical analysis of a bacterial signal peptidase in complex with a lipopeptide-based inhibitor. J Biol Chem. 279:30781-90.";15136583
290;649;"Paetzel M, Dalbey RE, Strynadka NC. 1998. Crystal structure of a bacterial signal peptidase in complex with a beta-lactam inhibitor. Nature. 396:186-90.";9823901
291;648;"Paetzel M, Dalbey RE, Strynadka NC. 1998. Crystal structure of a bacterial signal peptidase in complex with a beta-lactam inhibitor. Nature. 396:186-90.";9823901
292;383;"Wright CS, Zhao Q, Rastinejad F. 2003. Structural analysis of lipid complexes of GM2-activator protein. J Mol Biol. 331:951-64.";12909021
293;384;"Wright CS, Zhao Q, Rastinejad F. 2003. Structural analysis of lipid complexes of GM2-activator protein. J Mol Biol. 331:951-64.";12909021
294;628;"Wright CS, Zhao Q, Rastinejad F. 2003. Structural analysis of lipid complexes of GM2-activator protein. J Mol Biol. 331:951-64.";12909021
295;629;"Wright CS, Zhao Q, Rastinejad F. 2003. Structural analysis of lipid complexes of GM2-activator protein. J Mol Biol. 331:951-64.";12909021
296;624;"Begley MJ, Taylor GS, Brock MA, Ghosh P, Woods VL, Dixon JE. 2006. Molecular basis for substrate recognition by MTMR2, a myotubularin family phosphoinositide phosphatase. Proc Natl Acad Sci U S A. 103:927-32.";16410353
297;654;"Phillips SE, Vincent P, Rizzieri KE, Schaaf G, Bankaitis VA, Gaucher EA. 2006. The diverse biological functions of phosphatidylinositol transfer proteins in eukaryotes. Crit Rev Biochem Mol Biol. 41:21-49. ";16455519
298;380;"Kloer DP, Ruch S, Al-Babili S, Beyer P, Schulz GE. 2005. The structure of a retinal-forming carotenoid oxygenase. Science. 308:267-9.";15821095
299;159;"Cho W, Stahelin RV. 2005. Membrane-protein interactions in cell signaling and membrane trafficking. Annu Rev Biophys Biomol Struct. 34:119-51.";15869386
300;614;"Cho W, Stahelin RV. 2005. Membrane-protein interactions in cell signaling and membrane trafficking. Annu Rev Biophys Biomol Struct. 34:119-51.";15869386
301;615;"Cho W, Stahelin RV. 2005. Membrane-protein interactions in cell signaling and membrane trafficking. Annu Rev Biophys Biomol Struct. 34:119-51.";15869386
302;626;"Cho W, Stahelin RV. 2005. Membrane-protein interactions in cell signaling and membrane trafficking. Annu Rev Biophys Biomol Struct. 34:119-51.";15869386
303;627;"Cho W, Stahelin RV. 2005. Membrane-protein interactions in cell signaling and membrane trafficking. Annu Rev Biophys Biomol Struct. 34:119-51.";15869386
304;639;"Schwartz T, Blobel G. 2003. Structural basis for the function of the beta subunit of the eukaryotic signal recognition particle receptor. Cell. 112:793-803.";12654246
308;573;"Bonev BB, Chan WC, Bycroft BW, Roberts GC, Watts A. 2000. Interaction of the lantibiotic nisin with mixed lipid bilayers: a 31P and 2H NMR study. Biochemistry. 39: 11425-33.";10985788
309;573;"Breukink E, Ganz P, de Kruijff B, Seelig J. 2000. Binding of Nisin Z to bilayer vesicles as determined with isothermal titration calorimetry. Biochemistry. 39: 10247-54.";10956014
310;156;"Gerber SH, Rizo J, Sudhof TC. 	2002. Role of electrostatic and hydrophobic interactions in Ca(2+)-dependent phospholipid binding by the C(2)A-domain from synaptotagmin I. Diabetes. 51 Suppl 1:S12-S18.";11815451
311;325;"Peng W, Quinn-Allen MA, Kim SW, Alexander KA, Kane WH. 	2004. Trp2063 and Trp2064 in the factor Va C2 domain are required for high-affinity binding to phospholipid membranes but not for assembly of the prothrombinase complex. Biochemistry. 43: 4385-4393.";15065883
312;160;"Stahelin RV, Long F, Diraviyam K, Bruzik KS, Murray D, Cho W. 2002. Phosphatidylinositol 3-phosphate induces the membrane penetration of the FYVE domains of Vps27p and Hrs.  J Biol Chem. 277: 26379-26388.";12006563
313;153;"Malkova S, Long F, Stahelin RV, Pingali SV, Murray D, Cho W, Schlossman ML. 2005. X-ray reflectivity studies of cPLA2{alpha}-C2 domains adsorbed onto Langmuir monolayers of SOPC. Biophys J. 89: 1861-1873.";15994899
314;153;"Frazier AA, Wisner MA, Malmberg NJ, Victor KG, Fanucci GE, Nalefski EA, Falke JJ, Cafiso DS. 2002. Membrane orientation and position of the C2 domain from cPLA2 by site-directed spin labeling. Biochemistry. 41: 6282-6292.";12009889
315;153;"Malmberg NJ, Falke JJ. 2005. Use of EPR power saturation to analyze the membrane-docking geometries of peripheral proteins: applications to C2 domains. Annu Rev Biophys Biomol Struct. 34: 71-90.";15869384
316;156;"Malmberg NJ, Falke JJ. 2005. Use of EPR power saturation to analyze the membrane-docking geometries of peripheral proteins: applications to C2 domains. Annu Rev Biophys Biomol Struct. 34: 71-90.";15869384
317;154;"Malmberg NJ, Falke JJ. 2005. Use of EPR power saturation to analyze the membrane-docking geometries of peripheral proteins: applications to C2 domains. Annu Rev Biophys Biomol Struct. 34: 71-90.";15869384
318;321;"Dai H, Tomchick DR, Garcia J, Sudhof TC, Machius M, Rizo J. 2005. Crystal structure of the RIM2 C2A-domain at 1.4 A resolution. Biochemistry. 44: 13533-13542.";16216076
319;659;"Davidson CE, Reese BE, Billingsley ML, Yun JK. 2004. Stannin, a protein that localizes to the mitochondria and sensitizes
NIH-3T3 cells to trimethyltin and dimethyltin toxicity. Mol Pharmacol. 66: 855-863.";15269288
320;659;"Buck-Koehntop BA, Mascioni A, Buffy JJ, Veglia G. 2005. Structure, dynamics, and membrane topology of stannin: a mediator
of neuronal cell apoptosis induced by trimethyltin chloride. J Mol Biol. 354:652-665.";16246365
321;424;"Takeuchi K, Takahashi H, Sugai M, Iwai H, Kohno T, Sekimizu K, Natori S, Shimada I. 2004. Channel-forming membrane permeabilization by an antibacterial protein, sapecin: determination of membrane-buried and oligomerization surfaces
by NMR. J Biol Chem. 279: 4981-4987.";14630928
322;556;"Schibli DJ, Epand RF, Vogel HJ, Epand RM. 2002. Tryptophan-rich antimicrobial peptides: comparative properties and membrane interactions. Biochem Cell Biol. 80: 667-677.";12440706
323;396;"Ota M, Shimizu Y, Tonosaki K, Ariyoshi Y. 1998. Role of hydrophobic amino acids in gurmarin, a sweetness-suppressing polypeptide. Biopolymers. 45: 231-238.";9465786
324;513;"Ivanov YD, Izotov AA, Rukavishnikov IG, Uvarov VYu. 1993. Determination of the secondary structure of epoxide hydrolase by Raman spectroscopy.  Biochim Biophys Acta. 1162: 217-220.";8448187
326;222;"Pluzhnikov K, Nosyreva E, Shevchenko L, Kokoz Y, Schmalz D, Hucho F, Grishin E. 1999.	Analysis of ectatomin action on cell membranes. Eur J Biochem. 262: 501-506.";10336635
329;569;"Schneider TR, Karcher J, Pohl E, Lubini P, Sheldrick GM. 2000. Ab initio structure determination of the lantibiotic mersacidin. Acta Crystallogr D56: 705-713.";10818347
330;568;"Zimmermann N, Jung G. 1997. The three-dimensional solution structure of the lantibiotic murein-biosynthesis-inhibitor actagardine determined by NMR. Eur J Biochem. 246: 809-819.";9219543
331;571;"Hsu ST, Breukink E, Bierbaum G, Sahl HG, de Kruijff B, Kaptein R, van Nuland NA, Bonvin AM. 2003. NMR study of mersacidin and lipid II interaction in dodecylphosphocholine micelles. Conformational changes are a key to antimicrobial activity. J Biol Chem. 278: 13110-13117.";12562773
332;570;"Hsu ST, Breukink E, Bierbaum G, Sahl HG, de Kruijff B, Kaptein R, van Nuland NA, Bonvin AM. 2003. NMR study of mersacidin and lipid II interaction in dodecylphosphocholine micelles. Conformational changes are a key to antimicrobial activity. J Biol Chem. 278: 13110-13117.";12562773
333;572;"Hsu ST, Breukink E, Bierbaum G, Sahl HG, de Kruijff B, Kaptein R, van Nuland NA, Bonvin AM. 2003. NMR study of mersacidin and lipid II interaction in dodecylphosphocholine micelles. Conformational changes are a key to antimicrobial activity. J Biol Chem. 278: 13110-13117.";12562773
334;555;"Mason AJ, Chotimah IN, Bertani P, Bechinger B. 2006. A spectroscopic study of the membrane interaction of the antimicrobial peptide Pleurocidin. Mol Membr Biol. 23: 185-194.";16754361
335;543;"Shenkarev ZO, Balashova TA, Efremov RG, Yakimenko ZA, Ovchinnikova TV, Raap J, Arseniev AS. 2002. Spatial structure of zervamicin IIB bound to DPC micelles: implications for voltage-gating. Biophys J. 82: 762-771.";11806918
336;543;"Shenkarev ZO, Balashova TA, Yakimenko ZA, Ovchinnikova TV, Arseniev AS. 2004. Peptaibol zervamicin IIb structure
and dynamics refinement from transhydrogen bond J couplings. Biophys J. 86: 3687-3699.";15189865
337;543;"Shenkarev ZO, Paramonov AS, Balashova TA, Yakimenko ZA, Baru MB, Mustaeva LG, Raap J, Ovchinnikova TV, Arseniev AS. 2004. High stability of the hinge region in the membrane-active peptide helix of zervamicin: paramagnetic relaxation enhancement studies. Biochem Biophys Res Commun. 325: 1099-1105.";15541401
338;190;"Ma J, Yoshimura M, Yamashita E, Nakagawa A, Ito A, Tsukihara T. 2004. Structure of rat monoamine oxidase A and its specific recognitions for substrates and inhibitors. J Mol Biol. 338: 103-114.";15050826
339;429;"Efremov RG, Volynsky PE, Dauchez MAM, Nolde DE, Arseniev AS, Alix AJP. 2001. Assessment of conformation and energetics of the N-terminal part of elafin via computer simulations. Theor. Chem. Acc. 106: 55-61.";0
340;436;"Dubovskii PV, Lesovoy DM, Dubinnyi MA, Konshina AG, Utkin YN, Efremov RG, Arseniev AS. 	2005. Interaction of three-finger toxins with phospholipid membranes: comparison of S- and P-type cytotoxins. Biochem J. 387(Pt 3): 807-815.";15584897
341;436;"Efremov RG, Volynsky PE, Nolde DE, Dubovskii PV, Arseniev AS. 2002. Interaction of cardiotoxins with membranes: a molecular modeling study. Biophys J. 83(1): 144-153.";12080107
342;437;"Efremov RG, Nolde DE, Konshina AG, Syrtcev NP, Arseniev AS. 2004. Peptides and proteins in membranes: what can we learn via computer simulations? Curr Med Chem. 11: 2421-2442.";15379706
343;134;"Efremov RG, Volynsky PE, Nolde DE, Dubovskii PV, Arseniev AS. 2002. Interaction of cardiotoxins with membranes: a molecular modeling study. Biophys J. 83(1): 144-153.";12080107
344;622;"Xu RX, Pawelczyk T, Xia TH, Brown SC. 1997. NMR structure of a protein kinase C-gamma phorbol-binding domain and study of protein-lipid micelle interactions. Biochemistry. 36: 10709-10717.";9271501
345;238;"Hofmann A, Delmer DP, Wlodawer A. 2003. The crystal structure of annexin Gh1 from Gossypium hirsutum reveals an unusual S3 cluster. Eur J Biochem. 270: 2557-2564.";12787021
346;237;"Hofmann A, Proust J, Dorowski A, Schantz R, Huber R. 2000. Annexin 24 from Capsicum annuum. X-ray structure and biochemical characterization. J Biol Chem. 275: 8072-8082.";10713128
347;263;"Ambrosio AL, Nonato MC, de Araujo HS, Arni R, Ward RJ, Ownby CL, de Souza DH, Garratt RC. 2005. A molecular mechanism for Lys49-phospholipase A2 activity based on ligand-induced conformational change. J Biol Chem. 280: 7326-35.";15596433
348;271;"Liu Q, Huang Q, Teng M, Weeks CM, Jelsch C, Zhang R, Niu L. 2003. The crystal structure of a novel, inactive, lysine 49 PLA2 from Agkistrodon acutus venom: an ultrahigh resolution, AB initio structure determination. J Biol Chem. 278: 41400-8.";12871974
349;276;"Watanabe L, Soares AM, Ward RJ, Fontes MR, Arni RK. 2005. Structural insights for fatty acid binding in a Lys49-phospholipase A2: crystal structure of myotoxin II from Bothrops moojeni complexed with stearic acid. Biochimie. 87: 161-7.";15760708
350;279;"Steiner RA, Rozeboom HJ, de Vries A, Kalk KH, Murshudov GN, Wilson KS, Dijkstra BW. 2001. X-ray structure of bovine pancreatic phospholipase A2 at atomic resolution. Acta Crystallogr D57: 516-26.";11264580
351;280;"van den Berg B., Tessari M., Boelens R., Dijkman R., Kaptein R., de Haas G.H., Verheij H.M.1995. Solution structure of porcine pancreatic phospholipase A2 complexed with micelles and a competitive inhibitor. J. Biomol. NMR 5:110-121.";7703697
352;235;"Rety S, Sopkova-de Oliveira Santos J, Dreyfuss L, Blondeau K, Hofbauerova K, Raguenes-Nicol C, Kerboeuf D, Renouard M, Russo-Marie F, Lewit-Bentley A. 2005. The crystal structure of annexin A8 is similar to that of annexin A3. J Mol Biol. 345:1131-9.";15644210
353;390;"Shenkarev ZO, Nadezhdin KD, Sobol VA, Sobol AG, Skjeldal L, Arseniev AS. 2006. Conformation and mode of membrane interaction in cyclotides. FEBS J. 273: 2658-2672.";16817894
354;648;"van Klompenburg W, Paetzel M, de Jong JM, Dalbey RE, Demel RA, von Heijne G, de Kruijff B. 1998. Phosphatidylethanolamine mediates insertion of the catalytic domain of leader peptidase in membranes. FEBS Lett. 431: 75-79.";9684869
355;648;"van den Brink-van der Laan E, Dalbey RE, Demel RA, Killian JA, de Kruijff B. 2001. Effect of nonbilayer lipids on membrane binding and insertion of the catalytic domain of leader peptidase. Biochemistry. 40: 9677-9684.";11583168
356;603;"van Dalen A, de Kruijff B. 2004. The role of lipids in membrane insertion and translocation of bacterial proteins. Biochim Biophys Acta. 1694: 97-109.";15546660
357;603;"Breukink E, Demel RA, de Korte-Kool G, de Kruijff B. 1992. SecA insertion into phospholipids is stimulated by negatively charged lipids and inhibited by ATP: a monolayer study. Biochemistry. 31: 1119-1124.";1531180
358;603;"Dapic V, Oliver D. 2000. Distinct membrane binding properties of N- and C-terminal domains of Escherichia coli SecA ATPase. J Biol Chem. 275: 25000-25007.";10835419
359;594;"Meier R, Tomizaki T, Schulze-Briese C, Baumann U, Stocker A. 2003. The molecular basis of vitamin E retention: structure of human alpha-tocopherol transfer protein. J Mol Biol. 331: 725-734.";12899840
360;453;"Wah DA, Fernandez-Tornero C, Sanz L, Romero A, Calvete JJ. 2002. Sperm coating mechanism from the 1.8 A crystal structure of PDC-109-phosphorylcholine complex. Structure. 10: 505-514.";11937055
362;453;"Swamy MJ, Marsh D, Anbazhagan V, Ramakrishnan M. 2002. Effect of cholesterol on the interaction of seminal plasma protein, PDC-109 with phosphatidylcholine membranes. FEBS Lett. 528: 230-234.";12297311
363;533;"Darkes MJM, Davies SMA, Bradshaw JP 1997. Interaction of tachykinins with phospholipid membranes: A neutron diffraction study. PHYSICA B 241: 1144-1147.";0
364;292;"Chao KL, Dreyfus LA. 1999. Interaction of Escherichia coli heat-stable enterotoxin B with rat intestinal epithelial cells and membrane lipids. FEMS Microbiol Lett. 172: 91-97.";10079533
365;668;"Yokoyama H, Matsui E, Akiba T, Harata K, Matsui I. 2006. Molecular structure of a novel membrane protease specific for a stomatin homolog from the hyperthermophilic archaeon Pyrococcus horikoshii. J Mol Biol. 358: 1152-1164.";16574150
367;388;"Modis Y, Ogata S, Clements D, Harrison SC. 2004. Structure of the dengue virus envelope protein after membrane fusion. Nature. 427: 313-319.";14737159
368;195;"Craig L, Volkmann N, Arvai AS, Pique ME, Yeager M, Egelman EH, Tainer JA. 2006. Type IV Pilus Structure by Cryo-Electron Microscopy and Crystallography: Implications for Pilus Assembly and Functions. Mol. Cell. 23: 651-662.";16949362
369;224;"Ciaffoni F, Tatti M, Boe A, Salvioli R, Fluharty A, Sonnino S, Vaccaro AM. 2006. Saposin B binds and transfers phospholipids. J Lipid Res. 47: 1045-1053.";16461955
370;204;"Tate CG. 2006. Comparison of three structures of the multidrug transporter EmrE. Curr Opin Struct Biol. 16: 457-464.";16828280
371;4;"Evanics F, Hwang PM, Cheng Y, Kay LE, Prosser RS. 2006. Topology of an outer-membrane enzyme: Measuring oxygen and water contacts in solution NMR studies of PagP. J Am Chem Soc. 128: 8256-8264.";16787090
372;682;"Rufer AC, Thoma R, Benz J, Stihle M, Gsell B, De Roo E, Banner DW, Mueller F, Chomienne O, Hennig M. 2006. The crystal structure of carnitine palmitoyltransferase 2 and implications for diabetes treatment. Structure. 14: 713-23.";16615913
373;682;"Mattevi A. 2006. A monotopic membrane protein goes solo.  Structure. 14: 628-9.";16615901
374;678;"Caaveiro JM, Molina A, Rodriguez-Palenzuela P, Goni FM, Gonzalez-Manas JM. 1998. Interaction of wheat alpha-thionin with large  unilamellar vesicles. Protein Sci. 7: 2567-2577.";9865951
375;679;"Coulon A, Berkane E, Sautereau AM, Urech K, Rouge P, Lopez A. 2002. Modes of membrane interaction of a natural cysteine-rich peptide: viscotoxin A3. Biochim Biophys Acta. 1559: 145-159.";11853681
376;679;"Coulon A, Mosbah A, Lopez A, Sautereau AM, Schaller G, Urech K, Rouge P, Darbon H. 2003. Comparative membrane interaction study of viscotoxins A3, A2 and B from mistletoe (Viscum album) and connections with their structures. Biochem J. 374: 71-8.";12733989
377;679;"Giudici M, Poveda JA, Molina ML, de la Canal L, Gonzalez-Ros JM, Pfuller K, Pfuller U, Villalain J. 2006. Antifungal effects and mechanism of action of viscotoxin A3. FEBS J. 273: 72-83.";16367749
378;679;"Giudici M, Pascual R, de la Canal L, Pfuller K, Pfuller U, Villalain J. 2003. Interaction of viscotoxins A3 and B with membrane model systems: implications to their mechanism of action. Biophys J. 85: 971-81.";12885644
379;680;"Giudici M, Pascual R, de la Canal L, Pfuller K, Pfuller U, Villalain J. 2003. Interaction of viscotoxins A3 and B with membrane model systems: implications to their mechanism of action. Biophys J. 85: 971-81.";12885644
380;680;"Coulon A, Mosbah A, Lopez A, Sautereau AM, Schaller G, Urech K, Rouge P, Darbon H. 2003. Comparative membrane interaction study of viscotoxins A3, A2 and B from mistletoe (Viscum album) and connections with their structures. Biochem J. 374: 71-8.";12733989
381;681;"Coulon A, Mosbah A, Lopez A, Sautereau AM, Schaller G, Urech K, Rouge P, Darbon H. 2003. Comparative membrane interaction study of viscotoxins A3, A2 and B from mistletoe (Viscum album) and connections with their structures. Biochem J. 374: 71-8.";12733989
382;130;"Patricelli MP, Lashuel HA, Giang DK, Kelly JW, Cravatt BF. 1998. Comparative characterization of a wild type and transmembrane domain-deleted fatty acid amide hydrolase: identification of the transmembrane domain as a site for oligomerization.
Biochemistry. 37: 15177-15187.";9790682
383;648;"Paetzel M, Karla A, Strynadka NC, Dalbey RE. 2002. Signal peptidases. Chem Rev. 102: 4549-80.";12475201
384;648;"van den Brink-van der Laan E, Killian JA, de Kruijff B. 2004. Nonbilayer lipids affect peripheral and integral membrane proteins via changes in the lateral pressure profile. Biochim Biophys Acta. 1666: 275-88. ";15519321
387;250;"Suzuki M, Jeong SY, Karbowski M, Youle RJ, Tjandra N. 2003. The solution structure of human mitochondria fission protein Fis1 reveals a novel TPR-like helix bundle. J Mol Biol. 334: 445-458.";14623186
386;250;"Koch A, Yoon Y, Bonekamp NA, McNiven MA, Schrader M. 2005. A role for Fis1 in both mitochondrial and peroxisomal fission in mammalian cells. Mol Biol Cell. 16: 5077-86.";16107562
388;683;"Gibbons DL, Vaney MC, Roussel A, Vigouroux A, Reilly B, Lepault J, Kielian M, Rey FA. 2004. Conformational change and protein-protein interactions of the fusion protein of Semliki Forest virus. Nature. 427: 320-5.";14737160
390;188;"Mascioni A, Karim C, Barany G, Thomas DD, Veglia G. Structure and orientation of sarcolipin in lipid environments.  Biochemistry. 2002 Jan 15;41(2):475-82.";11781085
391;738;"Hristova K, Wimley WC, Mishra VK, Anantharamiah GM, Segrest JP, White SH. 1999. An amphipathic alpha-helix at a membrane interface: a structural study using a novel X-ray diffraction method. J Mol Biol. 290: 99-117.";10388560
392;739;"Fowler CB, Pogozheva ID, Lomize AL, LeVine H 3rd, Mosberg HI. 2004. Complex of an active mu-opioid receptor with a cyclic
peptide agonist modeled from experimental constraints. Biochemistry. 2004. 50: 15796-15810.";15595835
393;740;"Pogozheva ID, Chai BX, Lomize AL, Fong TM, Weinberg DH, Nargund RP, Mulholland MW, Gantz I, Mosberg HI. 2005. Interactions of human melanocortin 4 receptor with nonpeptide and peptide agonists. Biochemistry. 44: 11329-11341.";16114870
394;741;"Chai BX, Pogozheva ID, Lai YM, Li JY, Neubig RR, Mosberg HI, Gantz I. 2005. Receptor-antagonist interactions in the complexes of agouti and agouti-related protein with human melanocortin 1 and 4 receptors. Biochemistry. 44: 3418-31.";15736952
395;742;"Fowler CB, Pogozheva ID, Lomize AL, LeVine H 3rd, Mosberg HI. 2004. Complex of an active mu-opioid receptor with a cyclic
peptide agonist modeled from experimental constraints. Biochemistry. 2004. 50: 15796-15810.";15595835
396;743;"Fowler CB, Pogozheva ID, LeVine H 3rd, Mosberg HI. 2004. Refinement of a homology model of the mu-opioid receptor using distance constraints from intrinsic and engineered zinc-binding sites. Biochemistry. 43: 8700-8710.";15236578
397;260;"Wijewickrama GT, Albanese A, Kim YJ, Oh YS, Murray PS, Takayanagi R, Tobe T, Masuda S, Murakami M, Kudo I, Ucker DS, Murray D, Cho W. 2006. Unique membrane interaction mode of group IIF phospholipase A2. J Biol Chem. 281: 32741-32754.";16931517
398;280;"Tatulian SA, Qin S, Pande AH, He X. 2005. Positioning membrane proteins by novel protein engineering and biophysical
approaches. J Mol Biol. 351: 939-947.";16055150
399;758;"Franzin CM, Gong XM, Thai K, Yu J, Marassi FM. 2007. NMR of membrane proteins in micelles and bilayers: the FXYD family proteins. Methods. 41: 398-408.";17367712
453;813;"zwVgpIMK";0
